id,youtube-id,start-ts,end-ts
abelokoutsoura,Zy8tjrTf4sg,2819,2986
ach-annio-mou-syrtos-banas-i-cheriatkos-trapanistos,vLTBEHw011s,5481,5638
ach-ellada,cKXi8_5_Rd4,3795,4024
adramytiano-zeimbekiko-2,mp1pK6b1Oho,2551,2688
aerinos,00SbCAkyXhQ,44,201
afino-geia-sti-geitonia,6ZDyC-wpRXM,1258,1488
afousis-kasos,U6oWHEVNvfY,3540,3668
afta-ta-oraia-matia-sou,t60GoECE0p8,4840,4971
aftalikos,_mUIVNdIJFU,5931,6120
aftalikos-2,J-PqcxTXtp4,4126,4340
aftalikos-3,kJl_glSyJMo,1886,2091
aftos-o-allos,Desg3iWdxGU,2348,2558
aganta-gialessa-tsimarista-disticha,-Lae0QmE15A,3701,3822
agapisa-melachrino,KzKkszPd-eM,4176,4370
agapiso,l2gUntzxeVc,931,1096
agapo-mia-pantremeni,5fJXkyrSxo4,6327,6535
agia-mou-panagia-mou,mp1pK6b1Oho,6330,6622
agia-paraskevi-mou,jpktBKou-_E,5070,5265
agiothodoritiko,GIOAt5GHt3I,4848,5065
agiothodoritissa,0cj8BNcAhg4,2632,2853
agouros,GIOAt5GHt3I,3891,4008
agouros-petra-pelekaei,6bLFhgwoKsY,3617,3860
ah-o-mpaglamas,vl46xtCpsEw,2935,3210
ai-nigias,jpktBKou-_E,946,1170
ai-nilias,EoJoqvZukgw,571,819
aidin,g4hypPA6D9Y,4568,4753
aidinikos-choros,vd8WTrc12Uo,1112,1291
ainte-min-to-vazeis-sto-gyali,gMz1OBS9FlQ,5131,5172
ainte-mor-milia,UaYoyQPZEuo,4869,4972
ainte-mor-milia-sygkathistos,ifRo_Z05kuQ,5758,6159
ainte-oples-2,kJl_glSyJMo,6470,6620
aintes-oples,-YUXPO1BSRw,3588,3783
aivali,-YUXPO1BSRw,5191,5281
aivaliotiko,XpfvGga-5tU,2173,2433
aivaliotiko-2,Zy8tjrTf4sg,591,792
aivaliotiko-zeibekiko,-YUXPO1BSRw,5449,5586
aivaliotiko-zeibekiko-2,jpktBKou-_E,5736,5863
aivaliotikos,Uijl65qxrrg,1128,1335
akomi-ena-potiraki,GgGRYZMKezE,3084,3256
akrida,V-8YVU5FnTo,6315,6551
akrogialies-deilina,tzCMruLs9bM,829,943
ala-routza-peismatika-disticha,-Lae0QmE15A,4865,5062
alabeis,GIOAt5GHt3I,2219,2460
alatsatiani,-YUXPO1BSRw,4650,4892
alatsatiani-2,kJl_glSyJMo,4953,5110
alexandra,qrOwc1mLFUk,749,927
alexandriani-felacha,-YUXPO1BSRw,4515,4632
alfavitari-tis-agapis,Aws0Y3aLaIs,3891,4049
ali-pasas,TpK-XXFl51o,5348,5603
alismono-kai-chairomai,KzKkszPd-eM,1599,1762
aliti-m-eipes-mia-vradia,YEPmaDr_UMA,5386,5566
allotines-mou-epohes,vl46xtCpsEw,5585,5735
alvania,UaYoyQPZEuo,3497,3585
aman-katerina-mou,5fJXkyrSxo4,3997,4208
aman-ntoktor,g4hypPA6D9Y,1402,1652
amanes,mp1pK6b1Oho,5213,5386
amanes-2,YEPmaDr_UMA,6235,6495
amanes-3,vzCauXf6VhE,4195,4410
amanes-4,kJl_glSyJMo,3159,3423
amanes-5,CPLOoAZonTI,2101,2257
amanes-6,vJ4F64WkQA0,1285,1568
amanes-otan-tis-nychtes-perpato,-YUXPO1BSRw,4414,4515
amanes-paraponiara-mou-kardia,-YUXPO1BSRw,828,1095
amarantos-vasilis-saleas,G9DwnuVgsVs,5693,5844
amariotikes-kontylies-pentozalis,4mMJSlECbh4,4126,4412
amorgiano,CPLOoAZonTI,2658,2912
amygdalaki-tsakisa,5z-ZGft2zCI,5418,5487
amygdalo-etsakisa-lesvos,U6oWHEVNvfY,5009,5142
an-den-pernas-ki-an-den-pernas,5fJXkyrSxo4,3032,3219
an-einai-i-agapi-eglima,vl46xtCpsEw,4123,4262
an-imoun-antras,0cj8BNcAhg4,4088,4313
anapli-gia-de-chairesai-kalamatianos,4yPS8r0qVTw,4491,4696
anastasia-kalamatianos,-Lae0QmE15A,2728,2928
anastasouda-xesyrtos,vLTBEHw011s,656,847
anathema-ton-aitio,mp1pK6b1Oho,423,657
anathema-ton-chrysiko,6bLFhgwoKsY,48,136
andra-mou-paei,l2gUntzxeVc,3622,3937
andriana,vJ4F64WkQA0,261,412
aneforitsa,VmaUraZpvI8,656,792
aneforitssa,LL6pe_UtAe0,5181,5300
anemologio,cKXi8_5_Rd4,5112,5398
anestaki,ysRZQuuew_A,5916,6103
anevase-me-mana-mou-siganos,_mUIVNdIJFU,5095,5192
anevika-sti-piperia,pxhw04LZhiY,3658,3883
angelokamomeni-mou,YEPmaDr_UMA,5026,5215
anoixan-ta-dentra-oula,5z-ZGft2zCI,3070,3153
anoixi-bainei-sto-chorio,lBs4PyiRsIY,4928,5136
antra-mou-paei,fooYiNew79E,5331,5538
ap-tis-zeas-to-limani,IzjFkYASGbY,3645,3857
apan-kat,00SbCAkyXhQ,479,713
apano-stin-triantafyllia-2,U6oWHEVNvfY,991,1107
apisomeritikos,V-8YVU5FnTo,2696,2931
apo-ta-glyka-sou-matia,5fJXkyrSxo4,2351,2654
apo-ta-glyka-sou-matia-2,5fJXkyrSxo4,4413,4629
apo-tin-athina-os-ton-peiraia,U6oWHEVNvfY,2842,2994
apo-tin-patra-erchomai,6bLFhgwoKsY,3940,4105
apo-tin-prousa-kinisa-zonaradikos,vLTBEHw011s,345,569
apo-to-chorio-erchomin,vJ4F64WkQA0,2108,2188
apo-xeno-topo-syrtos,-YUXPO1BSRw,43,240
apochairetismos,lBs4PyiRsIY,2523,2728
apopse-eisai-gia-fili,zkoqg3VRVLA,42,300
apopse-i-poulia-malone,00SbCAkyXhQ,5108,5471
apopse-kaneis-bam,pxhw04LZhiY,6047,6214
apopse-kerna-me,GgGRYZMKezE,5892,6098
apopse-sti-mikri-ti-geitonia-sou,vd8WTrc12Uo,2862,3037
apopse-sto-diko-sou-machala,pxhw04LZhiY,553,749
apopse-sto-diko-sou-mahala,Dd0IreIlLJE,4811,4947
apopse-sto-spitaki-mou,FXS9jCtkFLk,399,533
apopse-ta-matakia-sou-kathistiko,wFOvhBpFM1o,5521,5742
apopse-ta-mesanychta,ozHAP8gMIY8,2699,2959
apopse-tha-rtho-na-sta-psallo,YEPmaDr_UMA,1806,2005
apopse-tin-kithara-mou-eptanisiaki-kantada,Aws0Y3aLaIs,2933,3208
apouthe-vgainei-to-nero,cYE9_TXCmHs,1522,1785
aprili-m-drosere,5z-ZGft2zCI,948,1190
aptaliko,g4hypPA6D9Y,1123,1197
aptaliko-2,q9e6UQh6d0c,4610,4816
aptalikos,5z-ZGft2zCI,5545,5675
aptalikos-3,Uijl65qxrrg,2311,2507
arachova-salona,G9DwnuVgsVs,6210,6285
aradeo,fooYiNew79E,5786,6072
arakne-tarantela,l2gUntzxeVc,2523,2780
arap-saz-semaisi,g4hypPA6D9Y,3601,3726
arap-sousta,J-PqcxTXtp4,4464,4716
arap-sousta-amorgou,jpktBKou-_E,746,780
arapiko-louloudi,tzCMruLs9bM,447,644
archangelitikos,4mMJSlECbh4,3328,3611
archangelitikos-rodos,U6oWHEVNvfY,3319,3539
are-mou-ridineddha,k_U5rTSHIMo,43,341
are-mou-rindineddha-mou,l2gUntzxeVc,44,254
arga-einai-pia-arga,vl46xtCpsEw,5353,5554
argon-tik,VmaUraZpvI8,2838,2993
argyroula,6bLFhgwoKsY,5108,5226
aristeidis,GIOAt5GHt3I,5831,5963
arkadiani,4yPS8r0qVTw,5353,5496
arkadiani-2,o4XzhbCL0QM,4455,4654
armenaki,V-8YVU5FnTo,1889,2140
aroma,fooYiNew79E,3353,3453
arrostisa-sta-xena-makria-sou,ysRZQuuew_A,1571,1785
arrostisa-sta-xena-markos-vamvakaris,L3fe3KGksU8,2484,2674
artemonas,5z-ZGft2zCI,3960,4074
artemonas-2,V-8YVU5FnTo,5169,5318
arvanitiko,8gH9iexkXME,4347,4489
arvanitiko-2,ifRo_Z05kuQ,1329,1515
arvanitovlachiko,EoJoqvZukgw,4966,5108
arvanitovlachiko-vaios-malliaras,G9DwnuVgsVs,1839,1931
as-chamilonan-ta-vouna-2,5z-ZGft2zCI,2945,3069
as-to-cheraki-sou,VrnG_gxNwH8,6011,6320
as-tragoudiso-ki-as-charo,Zy8tjrTf4sg,4174,4338
as-vastaxei-aftos-o-balos,q9e6UQh6d0c,796,909
asimenia-alysida,ifRo_Z05kuQ,2596,2716
aska-kaleddha-mou-2,l2gUntzxeVc,1133,1330
aspra-mou-poulia,FXS9jCtkFLk,600,738
aspra-mou-poulia-2,8gH9iexkXME,4488,4732
aspro-garoufalaki-mou,EoJoqvZukgw,3035,3254
aspro-mou-triantafyllaki-2,V-8YVU5FnTo,4725,4803
asta-ta-mallakia-sou,Desg3iWdxGU,2585,2822
astasiara-nou-ntournii-apopse-den-koimithika-metsovitikos,wFOvhBpFM1o,2717,2925
astero,vd8WTrc12Uo,6435,6617
ataris,-YUXPO1BSRw,2747,2921
ateleioto,zkoqg3VRVLA,5995,6073
atsapat-serra,VmaUraZpvI8,5956,6237
attaris-alatsata-m-asias,kJl_glSyJMo,5929,6105
atzidies,guoEekslQ2M,4599,4761
aziza,g4hypPA6D9Y,3178,3368
aziza-2,k_U5rTSHIMo,3272,3505
azizie,EoJoqvZukgw,1121,1394
babessa,0cj8BNcAhg4,2370,2556
baino-mes-st-abeli-berati,5z-ZGft2zCI,2537,2657
baintouska-thraki,V-8YVU5FnTo,571,788
bairatse,dIqJ-N3_Tso,964,1167
balaristos-mykonou,5z-ZGft2zCI,4660,4822
balatsos,niplI7Bv-30,5119,5420
baletes,t60GoECE0p8,5501,5588
balos,ozHAP8gMIY8,4817,4964
balos-2,5z-ZGft2zCI,4074,4238
balos-3,5z-ZGft2zCI,5487,5541
balos-4,jpktBKou-_E,2966,3245
balos-5,jpktBKou-_E,4443,4542
balos-6,jpktBKou-_E,6195,6230
balos-7,guoEekslQ2M,4258,4403
balos-8,EoJoqvZukgw,3336,3455
balos-9,EoJoqvZukgw,1553,1922
balos-androu,CPLOoAZonTI,6042,6455
balos-as-tragoudiso-ki-as-charo,EoJoqvZukgw,6237,6522
balos-chitzaz-lesvos,CPLOoAZonTI,1292,1443
balos-ko,CJ7m2WduEh8,3714,3833
balos-kykladon,q9e6UQh6d0c,2274,2476
balos-matzore,U6oWHEVNvfY,2739,2842
balos-sousta,vLTBEHw011s,2800,3080
balos-tsitsani,q9e6UQh6d0c,3837,4020
bam-aptalikos,EoJoqvZukgw,2709,2938
barba-mathios,Uijl65qxrrg,3381,3516
barbaria,V-8YVU5FnTo,5873,6086
barbouni-mou,lBs4PyiRsIY,5428,5626
barbouni-mou-thalassino,mp1pK6b1Oho,6019,6206
barbouni-mou-thalassino-2,q9e6UQh6d0c,3335,3532
barbouni-mou-thalassino-lesvos,CPLOoAZonTI,1061,1201
bate-koritsia-sto-choro,ozHAP8gMIY8,1911,2123
beikos,lBs4PyiRsIY,1913,2064
berat-kos-cheimadiotikos,ozHAP8gMIY8,3022,3144
berati,gMz1OBS9FlQ,6130,6426
berati-2,dIqJ-N3_Tso,4915,5127
berati-3,6ZDyC-wpRXM,5303,5488
berati-4,ifRo_Z05kuQ,2873,3175
berati-5,qrOwc1mLFUk,2716,2935
beratia,6ZDyC-wpRXM,5670,6060
bikan-oi-rouses-ston-choro,qrOwc1mLFUk,4413,4552
bir-allach,tzCMruLs9bM,4747,4984
birbilomata,ozHAP8gMIY8,3152,3359
biro-gianno,ozHAP8gMIY8,5890,5959
bizerisa-mor-mana,8gH9iexkXME,2407,2592
bochoris,TpK-XXFl51o,5686,5828
bochoris-2,VrnG_gxNwH8,1179,1466
boemis,vd8WTrc12Uo,4723,4938
boinaki,kJl_glSyJMo,5293,5438
bourdarikos,jpktBKou-_E,4802,4904
bournova-me-krya-nera,TpK-XXFl51o,439,625
bournovalios-manes,g4hypPA6D9Y,42,228
bournovas,5fJXkyrSxo4,5366,5566
boutzalia,TpK-XXFl51o,644,751
brafos-vlacha,Uijl65qxrrg,3804,3869
bratsera-leros,CPLOoAZonTI,5363,5609
bros-sta-kleista-parathyra,YEPmaDr_UMA,3914,4099
bukura-more-arvanites-kato-italias,l2gUntzxeVc,4594,4755
cecen-kizi,6ZDyC-wpRXM,137,254
cecen-kizi-ta-xyla,U6oWHEVNvfY,5147,5367
chalai,VmaUraZpvI8,2436,2659
chalai-2,i6kJdvFwCoA,1791,1936
chaniotiko-mou-giasemi-2,XpfvGga-5tU,5615,5746
chariklaki,-YUXPO1BSRw,4142,4401
chasapia,5z-ZGft2zCI,3153,3220
chasapia-makedonias,U6oWHEVNvfY,210,307
chasapiko-chitzaz,vLTBEHw011s,3717,3800
chasapikos-beikos,TpK-XXFl51o,6360,6554
chasaposervikos-choros,q9e6UQh6d0c,6464,6577
chatzikyriakeio,IzjFkYASGbY,5803,6062
chavadia,UaYoyQPZEuo,4331,4560
chavadia-2,qrOwc1mLFUk,4746,5107
chavas-tou-kantouni,CPLOoAZonTI,4407,4668
cheimariotiko,GIOAt5GHt3I,2584,2855
cheimariotiko-2,ifRo_Z05kuQ,4116,4173
cheimariotiko-3,EoJoqvZukgw,4664,4931
chelmos-paradosiako,ysRZQuuew_A,2,216
chilia-kalos-orisate,Zy8tjrTf4sg,1265,1478
chiotissa-pergamos,e5WVqHyTui4,2981,3213
chitzaz,vJ4F64WkQA0,2282,2440
chitzaz-mantilatos-thrakis,e5WVqHyTui4,3237,3405
chopa-chopa,LL6pe_UtAe0,1004,1163
chora,5z-ZGft2zCI,2258,2305
chora-2,TpK-XXFl51o,4304,4351
chora-4,6ZDyC-wpRXM,746,789
chora-5,vzCauXf6VhE,5883,5996
chora-agiasou,jpktBKou-_E,2230,2304
chora-tou-giantzou,g4hypPA6D9Y,2563,2749
chorefte-dyo-mou-matia,jpktBKou-_E,6230,6325
chorepse-xene,fooYiNew79E,4965,5268
chorepsete-chorepsete,CPLOoAZonTI,6455,6573
chores,GIOAt5GHt3I,127,364
choros-agkaliastos,e206O9UMfN0,2435,2767
choros-geronton,t60GoECE0p8,2344,2490
choros-gkainta,6ZDyC-wpRXM,4980,5280
choros-issos,-Lae0QmE15A,1911,2121
choros-issos-painemata,-Lae0QmE15A,5166,5365
choros-michanikos,-Lae0QmE15A,3326,3589
choros-priniotaki,e206O9UMfN0,2961,3164
choros-roditikos,-Lae0QmE15A,4067,4338
choros-romvia,5fJXkyrSxo4,48,238
choros-samiotikos,-Lae0QmE15A,5520,5808
choros-sia-siganos-kefalou,CJ7m2WduEh8,5229,5464
choros-sianos,CJ7m2WduEh8,3084,3279
choros-thymariotikos,-Lae0QmE15A,2511,2721
choros-tik,Aws0Y3aLaIs,1731,1886
choros-ton-koutalion-kappadokias,Aws0Y3aLaIs,1252,1388
chortarakia-apo-to-livadi,6bLFhgwoKsY,4465,4683
chouzam,jpktBKou-_E,1458,1630
chramaki-aperathitiko,EoJoqvZukgw,6037,6119
christodoulos,dIqJ-N3_Tso,1386,1587
chronia-ston-peraia,IzjFkYASGbY,1750,1980
ciftilareasa,TpK-XXFl51o,1794,1824
ciuri-ciuri,k_U5rTSHIMo,1003,1132
cogli-la-prima-mela,2_xwDiunBrs,5001,5260
cosimino,fooYiNew79E,4294,4570
den-akous-peristerouda-mou-kalanta-thrakis-sygkathistos,fooYiNew79E,1237,1483
den-boro-na-katalavo,wFOvhBpFM1o,3641,3751
den-m-agapas,tzCMruLs9bM,5466,5652
den-paei-kato-to-krasi,GgGRYZMKezE,4843,5036
den-pao-pia-ston-galata,TpK-XXFl51o,5066,5236
deropolitiko-sta-tria,KzKkszPd-eM,1312,1405
deropolitissa,ifRo_Z05kuQ,4214,4576
detos-meston,_mUIVNdIJFU,941,1062
detos-pyrgiou,_mUIVNdIJFU,3443,3678
detos-tou-xenitemenou,J-PqcxTXtp4,1231,1383
dimitrakis,gMz1OBS9FlQ,5559,5717
dimitrakis-2,UaYoyQPZEuo,5531,5629
dimitroula,-YUXPO1BSRw,3329,3584
dimitroula-mou,pxhw04LZhiY,1143,1335
dimitroula-mou-2,q9e6UQh6d0c,910,1042
dipat,LL6pe_UtAe0,428,616
diplon-omal,LL6pe_UtAe0,4451,4659
diplon-tik,LL6pe_UtAe0,6106,6300
disticha,i6kJdvFwCoA,42,175
disticha-tis-tavlas,t60GoECE0p8,3439,3633
dolap,k_U5rTSHIMo,2732,2821
drakoulas-sevntalis,TpK-XXFl51o,2155,2374
drapetsonitissa,vd8WTrc12Uo,1993,2221
driminitsa,tbbAWeVEHFQ,6146,6580
driminitsa-2,8gH9iexkXME,5578,5657
dyo-dyo,UaYoyQPZEuo,2837,2980
dyo-filoi-balos,Uijl65qxrrg,5968,6236
dyo-poulakia-ta-kaimena,k_U5rTSHIMo,3815,3931
dyssea-pou-xecheimases,vJ4F64WkQA0,4336,4644
echasa-mantili-sygkathistos,gMz1OBS9FlQ,5805,5957
eche-geia-panta-geia,5z-ZGft2zCI,6167,6384
echeis-kormi-arapiko,pxhw04LZhiY,1995,2190
ederlezi-2,VrnG_gxNwH8,3018,3282
edo-ein-aloni-gia-choro,FXS9jCtkFLk,6262,6390
edo-s-afti-ti-geitonia,dIqJ-N3_Tso,1613,1915
efilisa-melachrini-arekeia,Aws0Y3aLaIs,5305,5533
ego-eimai-i-vlacha-i-emorfi,wFOvhBpFM1o,1221,1425
ego-gia-tin-parea-mou,U6oWHEVNvfY,1732,1866
ego-imouna-t-antiklaro,FXS9jCtkFLk,2577,2851
ego-tha-kopso-to-krasi,Desg3iWdxGU,5733,6007
ego-tha-kopso-to-krasi-2,GgGRYZMKezE,1462,1731
ego-tha-paro-dyo,ozHAP8gMIY8,5520,5643
ego-tha-s-agapo,Desg3iWdxGU,6402,6569
ego-thelo-prigkipessa,IzjFkYASGbY,5297,5486
ego-to-pino-kai-to-leo,GgGRYZMKezE,2460,2644
eicha-mia-agapi,XpfvGga-5tU,455,725
eikosiena,i6kJdvFwCoA,6415,6640
eimaste-dyo-eimaste-treis,cYE9_TXCmHs,948,1242
einai-arga-poly-arga,zkoqg3VRVLA,2365,2614
einai-ola-mavra,GQoE6eVqP38,3563,3828
eisai-chtikio-giorgos-mitsakis,L3fe3KGksU8,3188,3401
ela-opos-eisai,pxhw04LZhiY,5932,6047
eleni,8gH9iexkXME,2692,2895
eleni-2,cKXi8_5_Rd4,4822,5111
eleni-apo-leivartzi,6bLFhgwoKsY,3198,3473
eleni-elenara-mou,vd8WTrc12Uo,1403,1584
elies,t60GoECE0p8,1850,2000
ellada-lengko,cKXi8_5_Rd4,1996,2342
elli,e5WVqHyTui4,1993,2181
ematha-arravoniastikes-choros-isos,EoJoqvZukgw,3895,4019
ematha-pos-eisai-magkas-2,vJ4F64WkQA0,2960,3189
emeis-edo-den-irthame,o4XzhbCL0QM,411,603
emeis-kala-ton-iyrame,6bLFhgwoKsY,2360,2570
en-velgio,ysRZQuuew_A,5711,5915
ena-atseri-peftei-peftei,vl46xtCpsEw,3778,3946
ena-karavi-apo-ti-chio,q9e6UQh6d0c,1138,1297
ena-savvato-vrady,o4XzhbCL0QM,2796,2908
enan-astron-exeven-choros-dipat,VmaUraZpvI8,409,646
enas-diavatis-stavros-tzouanakos-kostas-kofiniotis,L3fe3KGksU8,4951,5144
enas-leventis-choreve,FXS9jCtkFLk,5442,5772
englezitsa,jpktBKou-_E,3245,3368
ennia-chiliades-provata-tsamikos,gMz1OBS9FlQ,4668,4896
enteka,guoEekslQ2M,6149,6365
epses-propses-eperasa,wFOvhBpFM1o,4341,4526
eri-pali,EoJoqvZukgw,2453,2616
erixa-ta-matakia-mou,FXS9jCtkFLk,3407,3605
erodise-i-anatoli-zonaradiko-zavrateno-apo-mikro-bogialiki,vLTBEHw011s,5912,6120
erotokritos,t60GoECE0p8,5245,5460
erotokritos-3,e206O9UMfN0,4147,4356
eseis-chelidonakia-mou,o4XzhbCL0QM,5999,6160
eseis-poulia-petoumena,8gH9iexkXME,1870,2093
eseis-vouna-mou-omorfa,qrOwc1mLFUk,3478,3675
eseis-vouna-psila-vouna,4yPS8r0qVTw,4148,4354
esperos,XpfvGga-5tU,2,191
esy-pasa-mou-fae-kai-pie,vl46xtCpsEw,1731,1954
esy-pou-serneis-to-choro,5fJXkyrSxo4,1864,1994
etaire-argyroupolis,VmaUraZpvI8,5538,5701
etsertsan-to-kamisi-m-tik-diplon,VmaUraZpvI8,1055,1198
etsi-m-aresei-na-glento,vd8WTrc12Uo,6123,6316
etsi-se-thelo-matia-mou,vd8WTrc12Uo,855,1076
evga-mana-m-kai-chouiaxe,FXS9jCtkFLk,3789,4055
eviva-rempetes,vl46xtCpsEw,6368,6552
evraiopoula,CJ7m2WduEh8,4259,4514
ezisa-stin-amerika,ysRZQuuew_A,2461,2675
fantazes-san-prigkipessa,IzjFkYASGbY,3374,3619
felaches-glykies,pxhw04LZhiY,1788,1968
fengari-magia-moukanes,ysRZQuuew_A,4458,4672
fengaroprosopi,g4hypPA6D9Y,2418,2563
fengaroprosopi-2,6ZDyC-wpRXM,451,745
fengaroprosopi-3,UaYoyQPZEuo,3877,4056
fenge-mou-fengaraki-mou,4yPS8r0qVTw,377,660
fere-mas-kapela-krasi,GgGRYZMKezE,4299,4502
ferte-mia-koupa-me-krasi,vl46xtCpsEw,2202,2428
fexe-mou-fengaraki-mou,00SbCAkyXhQ,2724,2938
fexe-mou-fengaraki-mou-2,GIOAt5GHt3I,5251,5440
fiata-mor-mousiata,UaYoyQPZEuo,5127,5275
filoi-mou-kalos-orisate,00SbCAkyXhQ,1648,1764
foras-kainourgia-foresia,GIOAt5GHt3I,6087,6161
fragkosyriani,q9e6UQh6d0c,5130,5316
frasia,tbbAWeVEHFQ,5023,5360
ftocheia-pou-me-koureliases,tzCMruLs9bM,3748,3993
ftocho-kobologaki-mou,GQoE6eVqP38,1829,2022
fylakisia-aftoschedia-disticha,Aws0Y3aLaIs,4716,5101
fysouni,tbbAWeVEHFQ,4403,4755
fysouni-2,vzCauXf6VhE,10,358
gaitan,VmaUraZpvI8,4331,4483
galata-manes,5fJXkyrSxo4,1361,1634
gali-gali-kato-panagia-m-asias,kJl_glSyJMo,4633,4750
gamilio-syrto-makedonias,U6oWHEVNvfY,639,783
gaouristines,CJ7m2WduEh8,5634,5716
gargan-i-leilek-choronou,i6kJdvFwCoA,3543,3684
gastouriotikos,t60GoECE0p8,1620,1806
geia-sou-peiraia-athanate,IzjFkYASGbY,224,465
gela-agapa-kai-tragouda,dIqJ-N3_Tso,5664,5774
genovefa-2,guoEekslQ2M,5499,5745
genovefa-tasos-chalkias,G9DwnuVgsVs,972,1164
geragotikos-syrtos-lesvos,CPLOoAZonTI,1202,1292
gia-ides-pervolin,Dd0IreIlLJE,2789,2890
gia-mas-kelaidoun-ta-poulia,Desg3iWdxGU,195,343
gia-mia-fora-ein-i-leventia,niplI7Bv-30,2050,2217
gia-mia-papadopoula,vzCauXf6VhE,3233,3404
gia-mia-vradia-syrtos,wFOvhBpFM1o,5313,5415
gia-mia-xanthoula,YEPmaDr_UMA,1436,1617
gia-piase-gyfto-sfyri-ki-amoni,vl46xtCpsEw,4822,5006
gia-poia-ellada,cKXi8_5_Rd4,4556,4821
gia-sena-rousa-m-evala,qrOwc1mLFUk,4264,4412
gia-tin-ellada,cKXi8_5_Rd4,5425,5657
giaeli,4mMJSlECbh4,1056,1254
giala-choros-isos,5z-ZGft2zCI,4868,4994
gialeli,XpfvGga-5tU,3634,3828
gialo-gialo,GgGRYZMKezE,6,162
gialo-gialo-2,Aws0Y3aLaIs,5695,5947
giann-kostas,niplI7Bv-30,2409,2590
giannos-ti-maro-thelei,FXS9jCtkFLk,4308,4564
giar-giar-2,jpktBKou-_E,1847,1910
giaroubi,-YUXPO1BSRw,2465,2658
giati-allaxes-giati-stelios-keromytis-kostas-manesis,L3fe3KGksU8,2850,3034
giati-einai-mavra-ta-vouna,niplI7Bv-30,1518,1739
giavri,V-8YVU5FnTo,3369,3554
giorgitsa,-YUXPO1BSRw,2194,2436
giorgitsa-2,6ZDyC-wpRXM,2687,2853
gioula,6bLFhgwoKsY,709,802
gioulia,GIOAt5GHt3I,1122,1293
giourvalantoum,i6kJdvFwCoA,1542,1668
gkainta-arvanitiki,g4hypPA6D9Y,4140,4188
gkainta-dipli,ifRo_Z05kuQ,3183,3327
gkainta-manolis-papageorgiou,G9DwnuVgsVs,2231,2435
gkainta-moni,ifRo_Z05kuQ,3328,3490
gkainta-moni-2,KzKkszPd-eM,2522,2771
gkioumia,gMz1OBS9FlQ,5957,6036
gkiouzen-oglan,VrnG_gxNwH8,1832,2086
gkolfo,niplI7Bv-30,5558,5715
glenta-kaimeni-mou-kardia,6bLFhgwoKsY,5736,5975
glentate-kosme-ti-zoi,8gH9iexkXME,1009,1194
glentzes,TpK-XXFl51o,43,166
glyka-mou-matia,Desg3iWdxGU,1541,1730
glykia-mou-poli,5fJXkyrSxo4,819,978
glyko-parapono-2,VrnG_gxNwH8,3845,4093
gramma,l2gUntzxeVc,4006,4225
grava,tbbAWeVEHFQ,2170,2483
grigoros-xechoristos,gMz1OBS9FlQ,5717,5796
gyalo-gyalo,8gH9iexkXME,5768,5989
gyrevontas-se,2_xwDiunBrs,4701,4937
gyrisma-kari-bati,gMz1OBS9FlQ,2377,2461
gyrisma-more-psili-more-ligni,wFOvhBpFM1o,4834,5054
gyrisma-se-pogonisio-rebap,vzCauXf6VhE,1653,1942
gyrismata-krania,KzKkszPd-eM,3842,3995
i-agapi-sou-m-aresei,5z-ZGft2zCI,3810,3884
i-argo,XpfvGga-5tU,1816,2030
i-chontrobalou,cKXi8_5_Rd4,732,1030
i-dikia-mou-ellada,cKXi8_5_Rd4,4303,4514
i-evgenoula-i-omorfi,4mMJSlECbh4,5086,5259
i-foni-tou-argile,0cj8BNcAhg4,2991,3128
i-gkarsona,pxhw04LZhiY,893,1143
i-kithara-tou-patera,Desg3iWdxGU,4479,4686
i-kota-vasilis-saleas,G9DwnuVgsVs,5372,5518
i-lafina-dioxe-me-mana,G9DwnuVgsVs,6122,6210
i-milia,vJ4F64WkQA0,3265,3350
i-palia-taverna,GgGRYZMKezE,242,467
i-paragka,cKXi8_5_Rd4,3159,3254
i-parastratimeni,vl46xtCpsEw,713,906
i-parastratimeni-2,tzCMruLs9bM,4401,4597
i-perdika,UaYoyQPZEuo,2750,2837
i-prosfygia,vl46xtCpsEw,4562,4752
i-proti-agapi-sou,GQoE6eVqP38,3920,4135
i-rima-tis-katastrofis-tis-chiou,J-PqcxTXtp4,766,995
i-trata,Zy8tjrTf4sg,5079,5246
i-tzavelaina,cYE9_TXCmHs,3364,3759
i-valitsa,zkoqg3VRVLA,666,744
i-varka-tou-koutsouradi,CJ7m2WduEh8,976,1181
i-vergo,o4XzhbCL0QM,3181,3279
i-vrisi-ton-pegiotisson,Dd0IreIlLJE,1132,1353
i-xaveriotissa,IzjFkYASGbY,4381,4607
ikariotikos,5z-ZGft2zCI,5190,5335
ikariotikos-2,q9e6UQh6d0c,2924,3137
ikariotikos-3,CPLOoAZonTI,3520,3754
ikariotikos-4,EoJoqvZukgw,3553,3752
ilie-mou-kai-an-kaneis-ilio,FXS9jCtkFLk,4129,4305
ilios,o4XzhbCL0QM,2044,2252
ilios-2,g4hypPA6D9Y,2885,3111
ipeirotika-gyrismata,g4hypPA6D9Y,5117,5342
irth-i-labri-ki-i-anoixi,q9e6UQh6d0c,42,218
irth-o-kairos-na-fygoume,FXS9jCtkFLk,5927,6034
irth-o-kairos-na-fygoume-2,ifRo_Z05kuQ,6281,6597
irthan-karavia-sto-gialo-ierissou,4yPS8r0qVTw,5858,6039
ithela-na-cha-dyo-kardies-lesvos,CPLOoAZonTI,838,1060
kadikoylu,5fJXkyrSxo4,2817,2980
kagkelari,qrOwc1mLFUk,4004,4100
kagkelaris,5z-ZGft2zCI,1597,1909
kai-giati-de-mas-to-les,ysRZQuuew_A,333,456
kai-ti-tragoudi-na-vroume,fooYiNew79E,1964,2197
kai-tou-christou-sto-synoro,fooYiNew79E,2263,2568
kaigomai-kaigomai,tzCMruLs9bM,3206,3451
kaiki-mou-ai-nikola,q9e6UQh6d0c,4463,4590
kainourgia-logia,g4hypPA6D9Y,2228,2377
kainourgia-logia-2,6ZDyC-wpRXM,6062,6226
kairo,CPLOoAZonTI,42,262
kalabachtasiotikos-samou,q9e6UQh6d0c,2813,2891
kalamatianos,G9DwnuVgsVs,6285,6398
kalanta-aiginas,Aws0Y3aLaIs,238,364
kalanta-encardia,fooYiNew79E,3073,3221
kalanta-ipeirou,fooYiNew79E,3508,3611
kalanta-keas,Aws0Y3aLaIs,45,157
kalanta-kritis,fooYiNew79E,3282,3352
kalanta-kritis-2,Aws0Y3aLaIs,1336,1621
kalanta-makedonias,Aws0Y3aLaIs,417,504
kalanta-painemata-chiou,Aws0Y3aLaIs,768,970
kalanta-painemata-thrakis,Aws0Y3aLaIs,504,594
kalanta-pontou,Aws0Y3aLaIs,1622,1730
kalanta-protochronias,Aws0Y3aLaIs,5583,5675
kalanta-thrakis-xanthi,fooYiNew79E,42,145
kalarfistikos,4mMJSlECbh4,3681,3858
kale-sy-panagia-mou-2,5z-ZGft2zCI,5801,5888
kale-sy-panagia-mou-4,VrnG_gxNwH8,2643,2854
kali-chronia-se-olous-dimitris-lagios-diaskevi-tragoudistades-tsi-zakynthos,Aws0Y3aLaIs,1963,2082
kali-kardia-kalo-krasi,YEPmaDr_UMA,49,238
kalimerisma,-Lae0QmE15A,772,882
kalinifta,l2gUntzxeVc,5183,5443
kalogria,0cj8BNcAhg4,4388,4622
kalomoira-chasapikos,J-PqcxTXtp4,4997,5213
kalon-koritsin,VmaUraZpvI8,1759,1878
kalonychtia,qrOwc1mLFUk,927,1084
kalos-mas-irthe-i-anoixi-syrto-sta-tria,wFOvhBpFM1o,2012,2150
kalosorisma,t60GoECE0p8,42,244
kalymniki-sousta,-Lae0QmE15A,2121,2367
kamav-tout,2_xwDiunBrs,4303,4601
kanakaris,e206O9UMfN0,5205,5420
kanaria,CPLOoAZonTI,5699,5921
kapetan-antrea-zepo,q9e6UQh6d0c,3685,3836
kapoia-mana-anastenazei,tzCMruLs9bM,1130,1318
kapoia-mana-anastenazei-vasilis-tsitanis-babis-bakalis,L3fe3KGksU8,562,761
karaberia,ifRo_Z05kuQ,5591,5725
karagkouna,5z-ZGft2zCI,2373,2537
karagkouna-2,8gH9iexkXME,2975,3156
karapataki,8gH9iexkXME,43,287
karapataki-2,UaYoyQPZEuo,5399,5531
karapataki-kostas-fillipou,G9DwnuVgsVs,2693,2838
karapiperim,pxhw04LZhiY,6335,6440
kardia-mou-papse-na-ponas,GgGRYZMKezE,5060,5378
kardia-paraponiara,tzCMruLs9bM,2977,3202
kardiokleftra,TpK-XXFl51o,3530,3724
kardiokleftra-2,k_U5rTSHIMo,5377,5591
kare-bate-noaptia-poios-chtypa-ti-nychta-sygkathistos,wFOvhBpFM1o,3483,3576
karlovasitissa,Uijl65qxrrg,1478,1760
karotseri-trava,pxhw04LZhiY,4320,4523
karotseris,jpktBKou-_E,4904,5055
karotseris-3,U6oWHEVNvfY,4721,4802
karsilamas-2,tbbAWeVEHFQ,4071,4345
karsilamas-3,-Lae0QmE15A,4568,4728
karsilamas-4,jpktBKou-_E,2746,2857
karsilamas-5,i6kJdvFwCoA,3917,4082
karsilamas-6,Zy8tjrTf4sg,2295,2439
karsilamas-lesvou,e5WVqHyTui4,2731,2895
karsilamas-vasilis-saleas,G9DwnuVgsVs,5849,5974
katergara-eirini,TpK-XXFl51o,4206,4304
kathe-limani-kai-kaimos,ysRZQuuew_A,4005,4191
katifes,g4hypPA6D9Y,3847,4062
katifes-2,CPLOoAZonTI,2257,2441
kato-ap-to-svisto-fanari,GQoE6eVqP38,1475,1698
kato-choros-diavolos,_mUIVNdIJFU,4565,4688
kato-sta-exi-marmara,UaYoyQPZEuo,2474,2624
kato-sta-exi-marmara-2,qrOwc1mLFUk,1745,1947
kato-sta-lemonadika,IzjFkYASGbY,951,1192
kato-sta-lemonadika-2,0cj8BNcAhg4,1283,1534
kato-sta-perivolia,vd8WTrc12Uo,5590,5765
kato-stin-aspri-plaka,niplI7Bv-30,3612,3860
kato-sto-gialo,q9e6UQh6d0c,2676,2812
kato-ston-agio-thodoro,00SbCAkyXhQ,1424,1589
kato-ston-ai-giorgi,t60GoECE0p8,966,1115
kato-ston-ai-sidero,J-PqcxTXtp4,160,384
kato-stou-valtou-ta-choria,4yPS8r0qVTw,42,243
katsantonis,cYE9_TXCmHs,3911,4144
katse-na-pioume-ena-krasi,GgGRYZMKezE,4558,4773
katse-ston-kanape-mou-stelios-chrysinis-charalabos-vasileiadis,L3fe3KGksU8,2149,2340
katsiforas,V-8YVU5FnTo,1144,1395
katsivela,GQoE6eVqP38,2047,2265
kavontoritiko-2,Zy8tjrTf4sg,970,1238
kavontoritikos,ozHAP8gMIY8,5237,5488
kavontoritikos-2,ozHAP8gMIY8,6115,6411
kavontoritikos-3,EoJoqvZukgw,5629,5934
kavousianes-kontylies,lBs4PyiRsIY,557,856
kazaska,i6kJdvFwCoA,4704,4882
keino-t-asteri-to-labro-2,GIOAt5GHt3I,502,682
kelaidiste-oraia-mou-poulakia-eptanisiaki-kantada,Aws0Y3aLaIs,3463,3670
kerasia,t60GoECE0p8,2906,3039
kerna-mas-bolsevika,GgGRYZMKezE,6186,6521
kinik,gMz1OBS9FlQ,1556,1702
kinik-2,8gH9iexkXME,6073,6241
kinik-3,UaYoyQPZEuo,6102,6241
kinik-4,guoEekslQ2M,5234,5449
kinteria,GIOAt5GHt3I,3719,3863
klamata,g4hypPA6D9Y,4236,4534
klamata-2,qrOwc1mLFUk,5266,5490
kleftiko-athanasios-diakos,00SbCAkyXhQ,4373,4554
kleftogiorgis,GIOAt5GHt3I,3204,3455
kleisane-oi-strates-tou-moria,o4XzhbCL0QM,117,307
klossa-ta-poulia,Uijl65qxrrg,3003,3212
klostro,5z-ZGft2zCI,3431,3511
kofto-sygkathistos,wFOvhBpFM1o,3576,3641
kolovos-karapataki,gMz1OBS9FlQ,3743,3957
koniali,g4hypPA6D9Y,4577,4985
koniali-2,4mMJSlECbh4,5818,6038
koniali-3,5fJXkyrSxo4,6223,6327
kontoula-leimonia-vasilis-batzis,G9DwnuVgsVs,4409,4479
kontoula-vlacha,8gH9iexkXME,6242,6380
kontozygono-se-chorio,ozHAP8gMIY8,2237,2425
kontrabatzis-tha-gino,jpktBKou-_E,3967,4159
kontylies,XpfvGga-5tU,5962,6201
kontylies-bouchloubou,e206O9UMfN0,2198,2414
kontylies-do,e206O9UMfN0,43,200
kontylies-fa,e206O9UMfN0,551,794
kontylies-me-bouzouki,XpfvGga-5tU,4361,4599
kontylies-me-mantolino,e206O9UMfN0,1821,2109
kontylies-tis-kantadas,e206O9UMfN0,966,1182
kontylies-tou-kapsilidi,e206O9UMfN0,1559,1780
korakianitikos,t60GoECE0p8,4710,4834
korasion-etragoudise,gMz1OBS9FlQ,100,154
kori-eleni,U6oWHEVNvfY,831,864
kori-parachaidemeni,vd8WTrc12Uo,5859,6049
kori-poulage-krasi,6ZDyC-wpRXM,1901,2006
koritsia-pou-eida-simera,00SbCAkyXhQ,1911,2081
koritsia-ti-agnantevete,o4XzhbCL0QM,6160,6358
kortsopon,2_xwDiunBrs,1834,2029
kosme-mou,vd8WTrc12Uo,4017,4156
kosta-tasi,wFOvhBpFM1o,4165,4304
kotsari,6ZDyC-wpRXM,4441,4582
kotsari-2,i6kJdvFwCoA,5542,5723
kotsarikars,LL6pe_UtAe0,5424,5577
kou-kousitsa-i-plexouda,wFOvhBpFM1o,4525,4612
kounichton,LL6pe_UtAe0,1924,2084
kourabas,5z-ZGft2zCI,2200,2258
kous-es-skounti-ntardene,ozHAP8gMIY8,5776,5890
krasopino,GgGRYZMKezE,3976,4141
kritikia-mou-lemonia,_mUIVNdIJFU,3980,4112
kryfa-to-lene-ta-poulia,cYE9_TXCmHs,3,288
kynigos-kai-kalogria,_mUIVNdIJFU,2120,2257
kyr-areti,00SbCAkyXhQ,1089,1323
kyra-anagnostaina,qrOwc1mLFUk,1084,1268
kyratzidiko,8gH9iexkXME,2143,2294
kyratzidiko-2,UaYoyQPZEuo,970,1114
kyratzidiko-kostas-fillippou,G9DwnuVgsVs,2590,2692
kyriaki-garyfallia-mou,U6oWHEVNvfY,2206,2364
kyriarino-merme-moua,ozHAP8gMIY8,5717,5776
la-rosa-enflorence,2_xwDiunBrs,3552,3792
la-strina,fooYiNew79E,4080,4236
labada-mou-grammeni,UaYoyQPZEuo,2287,2474
labadoules,GIOAt5GHt3I,4415,4588
labadoules-kostas-fillipou,G9DwnuVgsVs,2838,2957
laboun-ta-chionia-sta-vouna,6bLFhgwoKsY,6124,6322
lagiarni,TpK-XXFl51o,3152,3462
lagkadi,t60GoECE0p8,2011,2194
lagkadi-2,k_U5rTSHIMo,2108,2209
lala-to-aidoni-m,GIOAt5GHt3I,4309,4415
lalei-o-koukos-to-vradio,UaYoyQPZEuo,42,395
laloun-t-aidonia-eptanisiaki-kantada,Aws0Y3aLaIs,3209,3462
lamma-bada,k_U5rTSHIMo,2219,2385
lathos-me-ekrines,vd8WTrc12Uo,2606,2803
lathraia-fortomenoi,jpktBKou-_E,5265,5478
leli-m-giar,i6kJdvFwCoA,2100,2236
lemona,i6kJdvFwCoA,864,1096
lerikos,CPLOoAZonTI,4872,5036
leskovikiariko-tasos-chalkias,G9DwnuVgsVs,854,969
letsi,LL6pe_UtAe0,3510,3658
letsina,6ZDyC-wpRXM,4281,4440
letsina-2,VmaUraZpvI8,3946,4053
letsina-3,i6kJdvFwCoA,6007,6113
letsina-kars,LL6pe_UtAe0,5590,5727
levantinikos-syrtos-zakynthou,fooYiNew79E,3876,3999
leventis-eisai-matia-mou-sygkathistos,gMz1OBS9FlQ,3964,4345
lianochortaroudia,fooYiNew79E,5646,5788
liaskos,tbbAWeVEHFQ,3647,3978
liaskos-v-besiris,G9DwnuVgsVs,5012,5154
liaskoviki,ifRo_Z05kuQ,2296,2490
liga-louloudia,Desg3iWdxGU,806,965
lingeri,CJ7m2WduEh8,107,185
liosane-ta-chionia,KzKkszPd-eM,3584,3841
lipothymiariko,niplI7Bv-30,5791,5934
livadia,dIqJ-N3_Tso,3074,3146
livadiotiko,dIqJ-N3_Tso,2842,3073
livaditopoula,ozHAP8gMIY8,3358,3578
livanaetiko-kagkeli,00SbCAkyXhQ,6217,6489
livanateiko,g4hypPA6D9Y,6053,6220
logia-antallaxame,zkoqg3VRVLA,4040,4294
longa-skarveli,Dd0IreIlLJE,917,1090
longka,k_U5rTSHIMo,5591,5662
loukas,gMz1OBS9FlQ,175,207
lousakianos-syrtos,XpfvGga-5tU,5165,5426
lygaria-naxou,jpktBKou-_E,812,830
m-agapas-garoufalia-mou,mp1pK6b1Oho,2843,2996
ma-ts-nts-fats-mor-moumanii-ti-mou-kaneis-mor-mana-m,wFOvhBpFM1o,340,406
mabo-brazileiro,zkoqg3VRVLA,1216,1363
magia,UaYoyQPZEuo,3149,3323
magia-mou-cheis-kamomena,ifRo_Z05kuQ,2716,2795
magissa-otan-se-filo,YEPmaDr_UMA,2383,2573
magkes-mou-symmorfotheite,0cj8BNcAhg4,5047,5286
makboule,tzCMruLs9bM,5000,5135
makria-esy,-YUXPO1BSRw,5815,5935
makryn-kaite,VmaUraZpvI8,49,229
malamo,vJ4F64WkQA0,3664,3902
maleviziotis-2,XpfvGga-5tU,6410,6562
mana-m-sto-perivoli-mas,qrOwc1mLFUk,3067,3250
mana-mou-ellas,cKXi8_5_Rd4,1098,1532
manes-chitzaz,J-PqcxTXtp4,1799,2050
manes-fa-mantzore,TpK-XXFl51o,4834,5037
manes-kalinychtias,vLTBEHw011s,3265,3510
manes-tis-kalinychtias,VrnG_gxNwH8,2288,2511
mantalenia,-YUXPO1BSRw,2951,3150
mantalio-kai-mantalena,5fJXkyrSxo4,4765,4980
mantilatos,4mMJSlECbh4,5346,5467
mantili-kalamatiano-2,6ZDyC-wpRXM,6315,6508
mantiloudi,6ZDyC-wpRXM,1489,1589
marathikan-ta-dentra-dimo,cYE9_TXCmHs,2508,2740
marathike-i-kitrolemonia,g4hypPA6D9Y,5368,5496
marathokabitikos,Uijl65qxrrg,728,921
margiola,ifRo_Z05kuQ,3942,4115
margioliko,GIOAt5GHt3I,1996,2192
margoudi-mantilatos,vLTBEHw011s,2225,2380
maria-edo-maria-ekei-tripatos-choros-baintouska-apo-sinapli,vLTBEHw011s,5651,5811
mariola,KzKkszPd-eM,5310,5531
maritsa-vasilis-tsitsanis,L3fe3KGksU8,43,252
marmarokolona-karpathos,U6oWHEVNvfY,3668,3801
marou,_mUIVNdIJFU,4807,4989
marousa,5z-ZGft2zCI,4343,4589
marousiana,FXS9jCtkFLk,4802,4935
mars-tis-nyfis-emvatirio-smyrnis,YsKwj2MazAI,17,237
mas-chorisan-oi-thalasses,ysRZQuuew_A,2190,2361
mas-ftanei-mono,Desg3iWdxGU,5372,5593
matakia,8gH9iexkXME,4796,4996
mavrideroula,5z-ZGft2zCI,798,948
mavro-geraki,6ZDyC-wpRXM,1749,1901
mazemenos-2,jpktBKou-_E,2304,2451
mazemenos-3,Aws0Y3aLaIs,971,1064
mazi-sou-xemyalistika,tzCMruLs9bM,5242,5463
me-gerase-i-xenitia,ysRZQuuew_A,1089,1281
me-maranan-oi-omorfes,guoEekslQ2M,4930,5146
me-ti-varka-mou-ti-gyala,V-8YVU5FnTo,5679,5872
me-to-tragoudi-me-to-krasi,GgGRYZMKezE,5660,5851
me-zournades-me-ntaoulia,GgGRYZMKezE,3392,3613
melachrino-mou-prosopo-2,kJl_glSyJMo,6346,6470
memetis,jpktBKou-_E,5589,5736
mena-i-mana-mou,GIOAt5GHt3I,3640,3719
menexedes-kai-zouboulia,J-PqcxTXtp4,6334,6570
menousis-fillipos-rountas,G9DwnuVgsVs,3559,3651
mes-eouti-ti-geitonia,V-8YVU5FnTo,2362,2546
mes-sto-krasi-mou-xechno,GgGRYZMKezE,5402,5634
mes-ta-varia-mesanychta,e5WVqHyTui4,5300,5533
mes-ti-chasapiki-agora,tzCMruLs9bM,3561,3730
mes-ti-chasapiki-agora-chasapaki,IzjFkYASGbY,2279,2534
mes-tin-agia-paraskevi,00SbCAkyXhQ,4684,4889
mes-tou-aigaiou-ta-nera,q9e6UQh6d0c,1601,1883
mesa-stin-poli-vriskomai,5fJXkyrSxo4,3349,3547
mesanychta-vatheia,zkoqg3VRVLA,4518,4710
mesaritikos-kithyron,Dd0IreIlLJE,5404,5598
messaritikos-2,V-8YVU5FnTo,3061,3318
metsovitika-gyrismata,UaYoyQPZEuo,4972,5100
metsovitika-gyrismata-2,qrOwc1mLFUk,2508,2559
mi-me-stelneis-mana-stin-ameriki,YsKwj2MazAI,2131,2345
mi-me-stelneis-mana-stin-ameriki-2,ysRZQuuew_A,565,699
mia-fora-imouna-pouli,6bLFhgwoKsY,5389,5578
mia-gria-babogria,Uijl65qxrrg,3870,3976
mia-gynaika-mes-sti-stani,6bLFhgwoKsY,521,588
mia-konti-kontoula,g4hypPA6D9Y,5877,5967
mia-kori-roda-mazeve,t60GoECE0p8,4291,4507
mia-kori-tapefasise,cYE9_TXCmHs,3087,3285
mia-kyriaki-kai-mia-labri,t60GoECE0p8,4009,4220
mia-nychta-sto-kastrino-akrogiali,lBs4PyiRsIY,1014,1167
mia-nychta-sto-pasalimani,IzjFkYASGbY,4103,4304
mia-paschalia-kai-mia-labri,5z-ZGft2zCI,3251,3353
mia-poulia-mes-ston-ourano,wFOvhBpFM1o,710,843
mia-smyrnia-sto-parathyri,CJ7m2WduEh8,1807,2019
mia-smyrnia-sto-parathyri-2,kJl_glSyJMo,3461,3597
mia-varkoula-th-armatoso,Aws0Y3aLaIs,4062,4324
mian-monon-potho-astiki-kantada,Aws0Y3aLaIs,4561,4714
mikri-choriatopoula,Desg3iWdxGU,3907,4058
mikros-koustaks-pantreviti-znariatkos-apo-sinapli,vLTBEHw011s,5052,5268
milia,vd8WTrc12Uo,1655,1862
milia-kai-gyrismata-sygkathista,wFOvhBpFM1o,1695,1970
militsa-trapezountas,VmaUraZpvI8,5753,5888
milon-kokkinon,i6kJdvFwCoA,2378,2540
min-orkizesai-vre-pseftra,U6oWHEVNvfY,5805,6055
min-ta-argioplekeis-rina-m-ta-mallia,00SbCAkyXhQ,3506,3738
misemos,CPLOoAZonTI,2912,3071
mitraina,o4XzhbCL0QM,3695,3840
mo-ta-masaira,5fJXkyrSxo4,5996,6098
moiazeis-ki-esy-sa-thalassa,zkoqg3VRVLA,5516,5733
moiroloi-2,g4hypPA6D9Y,4999,5117
moiroloi-3,vzCauXf6VhE,1443,1655
moiroloi-4,ifRo_Z05kuQ,1900,2116
moiroloi-6,qrOwc1mLFUk,3,344
moiroloi-7,KzKkszPd-eM,10,162
moiroloi-8,EoJoqvZukgw,4544,4664
moiroloi-f-rounta,G9DwnuVgsVs,3185,3397
moiroloi-tasou-chalkia,G9DwnuVgsVs,610,791
moiroloi-v-batzi,G9DwnuVgsVs,4293,4409
monos-2-4,LL6pe_UtAe0,2791,2900
mor-armna-mor-mousiata-mor-vlacha-emorfi,wFOvhBpFM1o,609,705
mou-fainetai,0cj8BNcAhg4,5596,5809
mou-fainetai-2,YsKwj2MazAI,593,811
mou-paringeile-to-aidoni,2_xwDiunBrs,1438,1671
mouriki,dIqJ-N3_Tso,5152,5313
na-cha-krasaki-na-pina,gMz1OBS9FlQ,4901,5103
na-giati-trigyrno,YEPmaDr_UMA,1223,1435
na-souna-edo-apopse,XpfvGga-5tU,1569,1713
na-tan-o-mais-fthinoporo,6bLFhgwoKsY,2174,2285
nacha-ti-chari-sou-aite,qrOwc1mLFUk,3250,3396
nallaxo-thelo-to-skopo,V-8YVU5FnTo,2141,2362
nanourisma,6bLFhgwoKsY,327,403
naparte-nti-mar-al-laie,qrOwc1mLFUk,2244,2403
nasam-aleyna,k_U5rTSHIMo,3607,3814
nea-kolektiva,TpK-XXFl51o,6036,6244
neiata,g4hypPA6D9Y,2099,2229
nenitousikos,_mUIVNdIJFU,2967,3239
neoi-chasiklides-2,VrnG_gxNwH8,1622,1831
nerantzia-sta-tria,ifRo_Z05kuQ,3492,3567
nfloara-gkalbinioara-ena-louloudi-kitrino,wFOvhBpFM1o,245,340
ni-kai-ntre,V-8YVU5FnTo,4819,4949
nia-poulia-einai-ston-arano-kleistos-choros,00SbCAkyXhQ,2402,2654
nihavent-longa,g4hypPA6D9Y,3369,3548
niil-vntara-mou-painepsane-metsovitikos,wFOvhBpFM1o,4635,4834
nikriz-longka,4mMJSlECbh4,5776,5818
nikriz-sirto,Dd0IreIlLJE,4948,5035
nine-nane,l2gUntzxeVc,1900,2092
niochorianos-syrtos,XpfvGga-5tU,4886,5085
nitsa,dIqJ-N3_Tso,2263,2493
ntervisaina,0cj8BNcAhg4,3823,3963
nti-kou-niika,niplI7Bv-30,3979,4182
ntirlanta-tsimarista-disticha,-Lae0QmE15A,5908,6094
nto-ta-pres,g4hypPA6D9Y,4064,4140
ntoina,GIOAt5GHt3I,42,126
ntomna,6ZDyC-wpRXM,4623,4735
ntounia-anakriti,YEPmaDr_UMA,3117,3309
nychtose-kai-sto-genti,tzCMruLs9bM,1904,2193
nyfiatiko,KzKkszPd-eM,1029,1311
nyfiatikos,ifRo_Z05kuQ,1088,1288
nyfiatikos-2,Uijl65qxrrg,2693,2944
o-anapiros-giorgos-mitsakis,L3fe3KGksU8,3523,3720
o-antonis-o-varkaris-o-seretis,IzjFkYASGbY,5534,5743
o-arapis,pxhw04LZhiY,2244,2615
o-artemis,vl46xtCpsEw,5989,6231
o-chtypos-tis-kardias-apostolos-kaldaras,L3fe3KGksU8,1107,1319
o-dervisis-kai-i-anna,YsKwj2MazAI,1462,1684
o-diamantenios-sou-stavros,5z-ZGft2zCI,2873,2946
o-dyosmos-ki-o-vasilikos,8gH9iexkXME,3156,3366
o-dyosmos-ki-o-vasilikos-2,GIOAt5GHt3I,4008,4175
o-gazianakis,t60GoECE0p8,3761,3898
o-giannaros,Uijl65qxrrg,4559,4815
o-gyrismos,ysRZQuuew_A,1940,2153
o-htypos-tis-kardias-mou,vl46xtCpsEw,3249,3456
o-ilios-vasilevei,GIOAt5GHt3I,6161,6452
o-mais,V-8YVU5FnTo,4469,4724
o-metanastis,ysRZQuuew_A,4234,4457
o-naftis,q9e6UQh6d0c,5318,5542
o-nikolas-o-psaras,YEPmaDr_UMA,4210,4404
o-papatzis,0cj8BNcAhg4,3343,3573
o-pasas,tzCMruLs9bM,5728,5918
o-platanos-vaios-malliaras,G9DwnuVgsVs,1730,1835
o-ponos-me-plimmyrise-giorgos-mitsakis-thodoros-derveniotis,L3fe3KGksU8,1801,2014
o-spinos,J-PqcxTXtp4,1574,1742
o-thymios-choros-stavrotos,00SbCAkyXhQ,3796,4032
o-travmatias,tzCMruLs9bM,1620,1829
o-vrachos,jpktBKou-_E,4663,4801
oi-glaroi,q9e6UQh6d0c,5573,5776
oi-kleftes,niplI7Bv-30,4647,4977
oi-kleftes-2,cYE9_TXCmHs,2043,2375
oi-meres-tis-vdomadas,Aws0Y3aLaIs,2273,2490
oi-syntrofisses,dIqJ-N3_Tso,2498,2638
oi-thalassinoi,q9e6UQh6d0c,6303,6465
olis-oi-nyfis-stou-chouro-angelina-paschaliatiko,gMz1OBS9FlQ,4370,4542
olmaz,-YUXPO1BSRw,502,753
olmaz-meli-m-asias,kJl_glSyJMo,5499,5686
oloi-oi-rebetes-tou-ntounia-markos-vamvakaris,L3fe3KGksU8,6159,6407
omal-aplon,LL6pe_UtAe0,43,177
omal-kars,VmaUraZpvI8,3552,3787
omal-kerasountas,VmaUraZpvI8,6344,6616
omal-kioumous-maten,VmaUraZpvI8,3084,3179
omalin,LL6pe_UtAe0,2366,2509
omalin-nikopolis,VmaUraZpvI8,4506,4693
omologies-2,vJ4F64WkQA0,433,577
omorfi-kai-paraxeni-patrida,cKXi8_5_Rd4,5675,5873
omorfi-pou-nai-i-labri,q9e6UQh6d0c,383,530
omorfi-prosfygopoula,mp1pK6b1Oho,4346,4623
oneiro-to-da-pos-tha-rtheis,lBs4PyiRsIY,5951,6244
ontas-kalogennithika,cYE9_TXCmHs,6191,6506
opa-magka,YEPmaDr_UMA,6009,6138
opoios-agapaei-ta-roda,0cj8BNcAhg4,6258,6500
opote-s-apothymisa,lBs4PyiRsIY,3170,3388
opou-giorgos-kai-malama,GQoE6eVqP38,6301,6474
opseis-tis-psychis,tbbAWeVEHFQ,758,1023
ora-kali-poulaki-mou,Dd0IreIlLJE,6465,6676
oria-mou-fenesai,l2gUntzxeVc,3118,3286
oria-mou-pissulina,l2gUntzxeVc,2873,3018
orligkas-tsamikos,gMz1OBS9FlQ,2084,2238
osa-chronia-ki-an-perasoun-giannis-tatasopoulos,L3fe3KGksU8,4477,4674
osmantakas,ifRo_Z05kuQ,3647,3931
osmantakas-2,qrOwc1mLFUk,5942,6113
oso-gyrizei-i-sfaira-kyries-tou-paxim,TpK-XXFl51o,3973,4200
oso-varoun-ta-sidera,Dd0IreIlLJE,2891,2983
oso-vathia-einai-i-thalassa,vd8WTrc12Uo,4217,4430
osoi-me-vlepoun-pou-glento-chitzaz-manes,0cj8BNcAhg4,5895,6067
otan-moun-nios-kai-pallikari,wFOvhBpFM1o,5888,6132
otan-pernoun-oi-geranoi,lBs4PyiRsIY,3398,3568
ouna-souta-ekato-nomataioi-syrto-sta-tria,wFOvhBpFM1o,2925,3045
p-archontiko,fooYiNew79E,1585,1849
pagkratiotissa,YsKwj2MazAI,875,1067
paidia-m-giat-eiste-analaga,cYE9_TXCmHs,5196,5509
paidia-tis-samarinas,cYE9_TXCmHs,5608,5698
painemata,J-PqcxTXtp4,2517,2650
palatia-chrysostolista,pxhw04LZhiY,1557,1739
pali-se-vlepo-skeptiko,tzCMruLs9bM,2209,2405
pali-tragoudi-tha-sou-po,YEPmaDr_UMA,1000,1196
palia-geitonia-manos-chatzidakis-alekos-sakellarios,L3fe3KGksU8,4163,4347
palia-genovefa,KzKkszPd-eM,1839,2119
palia-itia,qrOwc1mLFUk,4551,4653
palio-zagorisio,tbbAWeVEHFQ,5549,5755
palios-karsilamas,mp1pK6b1Oho,2185,2351
palios-vlachothanasis,cYE9_TXCmHs,1786,1986
pame-paidia-na-fygoume,-YUXPO1BSRw,5989,6095
pame-sta-bouzoukia,zkoqg3VRVLA,2904,3073
pame-sto-faliro,IzjFkYASGbY,6162,6394
panagia,jpktBKou-_E,1910,2010
panagio,UaYoyQPZEuo,3323,3491
panagiotoula,niplI7Bv-30,4206,4511
panagioula,GIOAt5GHt3I,5736,5830
pane-ta-traina-ki-erchontai,ysRZQuuew_A,1336,1525
pano-choros-karpathos,U6oWHEVNvfY,3801,3875
pano-ston-apano-pyrgo-strotos,gMz1OBS9FlQ,1230,1476
papadia,vzCauXf6VhE,3843,4195
papadia-2,qrOwc1mLFUk,5601,5812
papadopoula-vasilis-saleas,G9DwnuVgsVs,5518,5687
papor,LL6pe_UtAe0,1177,1318
paraponiara-mou,5fJXkyrSxo4,5128,5334
paraponiarika-paidia,FXS9jCtkFLk,5203,5439
pare-mario-ti-roka-sou,GIOAt5GHt3I,1421,1580
pare-pia-to-dromo-sou,zkoqg3VRVLA,3538,3596
pare-to-dachtylidi-mou,GQoE6eVqP38,4523,4728
pare-to-dakry-mou,vd8WTrc12Uo,3572,3770
pasas,-YUXPO1BSRw,1723,1902
pasobeis,UaYoyQPZEuo,1578,1822
pathos,4mMJSlECbh4,1351,1531
patima-limnou-2,q9e6UQh6d0c,3140,3334
patinada,5z-ZGft2zCI,1271,1338
patinada-chalkidikis,4yPS8r0qVTw,6040,6179
patinada-lefkadas,cYE9_TXCmHs,4583,4726
patinada-tis-avgis,U6oWHEVNvfY,2589,2739
patitos,J-PqcxTXtp4,3764,3894
patitos-chiou,jpktBKou-_E,780,812
patrounino-makedonias,V-8YVU5FnTo,4,245
peiraiotissa,IzjFkYASGbY,3084,3273
penies-tis-athinas,ysRZQuuew_A,2961,3152
pentamorfi,YEPmaDr_UMA,2030,2228
pente-ellines-ston-adi,cKXi8_5_Rd4,2807,3111
pente-magkes-ston-peraia,IzjFkYASGbY,644,841
pente-paidia-malonane,5z-ZGft2zCI,550,686
pente-palikaria-gkainta-dipli,KzKkszPd-eM,2312,2522
pentozali,Dd0IreIlLJE,3040,3133
pentozali-kefalou,CJ7m2WduEh8,5955,6069
pentozali-ko,CJ7m2WduEh8,6069,6175
pentozalis,6ZDyC-wpRXM,4113,4225
pentozalis-anatolikis-kritis,e206O9UMfN0,5597,5848
pera-s-ekeino-to-vouno,FXS9jCtkFLk,1181,1316
pera-stin-tripolitsa,o4XzhbCL0QM,1064,1313
peramaritikos-ikariotikos,Zy8tjrTf4sg,3486,3652
perasa-kalimerisa,vLTBEHw011s,4402,4563
perdika,t60GoECE0p8,1266,1421
perdika-ap-to-gialo,dIqJ-N3_Tso,1958,2152
perdika-kai-kynigos,lBs4PyiRsIY,5730,5950
perdikomata,8gH9iexkXME,5392,5578
perikoklada,jpktBKou-_E,6325,6456
persefoni-mou-glykia,IzjFkYASGbY,1479,1727
pes-mou-garyfalaki,ozHAP8gMIY8,4637,4817
pes-mou-poios-einai-o-ponos-sou,CPLOoAZonTI,1688,1897
petheriatiko,guoEekslQ2M,5931,6086
petroperdika,J-PqcxTXtp4,5658,5857
pidichtos,lBs4PyiRsIY,6342,6562
pidichtos-2,e206O9UMfN0,3594,3868
pidichtos-3,e206O9UMfN0,6003,6477
pidichtos-rousiko,5z-ZGft2zCI,4238,4308
pies-glyko-krasi,GgGRYZMKezE,596,770
pigaina-to-dromo-dromo,8gH9iexkXME,5658,5768
pigki,mp1pK6b1Oho,4912,5121
pio-pera-apo-to-tzaneio,IzjFkYASGbY,5018,5171
piperi,niplI7Bv-30,5937,6093
pisokallotes,4mMJSlECbh4,6132,6334
pizzica-tarantata,4mMJSlECbh4,4680,4925
pizzika-grika,l2gUntzxeVc,5550,6017
plapoutas,6bLFhgwoKsY,1360,1459
platania-apo-to-metsovo-tou-diligianni,wFOvhBpFM1o,70,155
platanios,ozHAP8gMIY8,2492,2610
plataniotikos,Uijl65qxrrg,181,544
platanisios,jpktBKou-_E,1732,1846
plevra,6ZDyC-wpRXM,109,156
plomaritikos,EoJoqvZukgw,2392,2453
pobi-tou-ai-vasili-farasa-kappadokias,Aws0Y3aLaIs,1083,1252
pogonisia-gyrismata,qrOwc1mLFUk,6165,6411
pogonisio-fillipos-rountas,G9DwnuVgsVs,3981,4097
pogonisios,6ZDyC-wpRXM,5489,5606
poia-einai-afti-pou-perase,o4XzhbCL0QM,741,1039
poios-asikis-san-ki-emena,vJ4F64WkQA0,1058,1268
poios-eide-psari-sti-thalassa,6bLFhgwoKsY,1486,1525
poios-eide-tetoio-thamasma,GIOAt5GHt3I,4649,4837
poios-itan-panastenaxe,U6oWHEVNvfY,1561,1732
politiko-giannis-stamatiou-sporos,L3fe3KGksU8,6008,6124
politiko-syrto,TpK-XXFl51o,2888,3051
politiko-syrto-2,EoJoqvZukgw,10,204
polka,5z-ZGft2zCI,4589,4657
polla-eidane-ta-matia-mou-markos-vamvakaris,ysRZQuuew_A,767,997
polles-fores,zkoqg3VRVLA,5197,5366
ponemeni-kardia,lBs4PyiRsIY,1664,1884
popse-christos-gennithike-kalanta-thrakis,fooYiNew79E,738,992
pos-to-trivoun-to-piperi,Zy8tjrTf4sg,5567,5805
pot-pouri,8gH9iexkXME,6380,6508
potamia,tbbAWeVEHFQ,5782,5973
potamiotiko-syrto,mp1pK6b1Oho,4704,4908
pote-tha-rthei-i-anoixi,UaYoyQPZEuo,1822,2028
pou-isoun-epses,vLTBEHw011s,3819,4063
pou-isoun-epses-leventi-mou-strotos-gabrou,gMz1OBS9FlQ,3002,3214
pou-isoun-epses-leventi-mou-syrtos-baniotikos,fooYiNew79E,2657,2906
pou-teritzei-tragoudi-douleias,l2gUntzxeVc,1369,1715
pou-tha-me-pas,zkoqg3VRVLA,1780,1947
pou-tha-me-pas-2,vd8WTrc12Uo,3179,3458
poulaki-eicha-sto-klouvi,FXS9jCtkFLk,6177,6262
poulaki-fillipos-rountas,G9DwnuVgsVs,3656,3765
poulaki-mou,lBs4PyiRsIY,1358,1543
poulaki-xeno,e5WVqHyTui4,4010,4282
pramateftis-xeniteftis,_mUIVNdIJFU,1871,1957
prevezaniko,6ZDyC-wpRXM,937,1107
prevezaniko-2,U6oWHEVNvfY,4522,4720
prinianos,Dd0IreIlLJE,2974,3041
prosfygaki,kJl_glSyJMo,755,944
protochroniatika-kalanta,Aws0Y3aLaIs,5115,5221
protomagia-mou-ta-rixes-tsamikos,EoJoqvZukgw,5284,5544
protovrochi,YEPmaDr_UMA,5660,5885
psaraki,e206O9UMfN0,4673,4819
psilovrechei,GQoE6eVqP38,5493,5763
pyrgousikos,k_U5rTSHIMo,5741,6048
pyrgousikos-2,_mUIVNdIJFU,6324,6501
pyrgousikos-3,J-PqcxTXtp4,5497,5600
pyrgousikos-4,2_xwDiunBrs,3793,4101
ra-kabana,g4hypPA6D9Y,3726,3846
rachiotikos-ikariotikos,Zy8tjrTf4sg,5984,6356
rast,5z-ZGft2zCI,1343,1542
rast-2,4yPS8r0qVTw,3193,3530
rebati,EoJoqvZukgw,1922,2084
rebetes-apostolos-chatzichristos-giorgos-fotidas,L3fe3KGksU8,1468,1687
repanti,q9e6UQh6d0c,2477,2507
retsina-mou-retsina-mou,GgGRYZMKezE,901,1049
rirolala-tarantela-pitsika,l2gUntzxeVc,459,804
rizitiko-2,XpfvGga-5tU,5477,5610
roman-chavasi,vLTBEHw011s,1747,1962
romana,Dd0IreIlLJE,1612,1815
roubalia-garoufalia,ozHAP8gMIY8,4227,4376
roumaniki-souita-2,VrnG_gxNwH8,3348,3798
rousa-papadia,GIOAt5GHt3I,1297,1424
rouses-mou,g4hypPA6D9Y,5496,5609
rumelaj,k_U5rTSHIMo,4211,4421
s-agapo-giati-eisai-oraia,-YUXPO1BSRw,1191,1489
s-ena-paporo-mesa,Aws0Y3aLaIs,2684,2931
s-ena-vraho-fagomeno,vl46xtCpsEw,1041,1263
sa-agapo-giati-eisai-oraia,e5WVqHyTui4,1342,1562
sa-deis-agapis-dakrya,XpfvGga-5tU,3985,4239
sa-topia-t-emeterion,i6kJdvFwCoA,4110,4262
sala-sala,5fJXkyrSxo4,2439,2655
salona,GIOAt5GHt3I,5094,5253
salonikiotiko-vaios-malliaras,G9DwnuVgsVs,1489,1635
samiotissa,Uijl65qxrrg,6374,6627
san-eidane-ta-matia-mou,6bLFhgwoKsY,1178,1264
san-fyllo-kitrino,t60GoECE0p8,4974,5104
san-pas-pouli-mou-sti-fragkia,cYE9_TXCmHs,4352,4583
san-piga-sta-kalavryta,6bLFhgwoKsY,2174,2285
san-pio-krasi-zalizomai,GgGRYZMKezE,2766,2960
san-ta-koritsia-pou-gelan,cKXi8_5_Rd4,5970,6183
san-tha-pes-na-pas-stin-ameriki,6bLFhgwoKsY,1729,1780
san-tin-apopse-ti-vradia,FXS9jCtkFLk,4622,4802
san-tis-smyrnis-to-giagkini,kJl_glSyJMo,4122,4417
san-to-krasi-den-eisai-esy,GgGRYZMKezE,1830,2107
san-ton-karagkiozi,cKXi8_5_Rd4,3334,3519
san-ton-metanasti,ysRZQuuew_A,6234,6479
santu-paulu-miu-tarantela,l2gUntzxeVc,2301,2465
sarakatsaniko-tsamiko,8gH9iexkXME,5100,5315
saranta-meres-kalanta-thrakis,fooYiNew79E,235,402
saranta-mila,4mMJSlECbh4,5547,5730
saranta-mila-kokkina,i6kJdvFwCoA,313,368
saranta-palikaria,-Lae0QmE15A,257,367
saranta-palikaria-2,8gH9iexkXME,4048,4277
sarantapente-kyriakes,vzCauXf6VhE,2455,2661
sarantapente-kyriakes-kathistiko,wFOvhBpFM1o,3120,3375
sarantapente-lemonies-tsamikos,wFOvhBpFM1o,5142,5313
sari-kouz,LL6pe_UtAe0,4942,5077
savvato-valane-vouli,o4XzhbCL0QM,3916,4042
savvato-valane-vouli-2,cYE9_TXCmHs,5878,6040
schiniatikos,_mUIVNdIJFU,279,371
schiniatikos-pyrgi,_mUIVNdIJFU,1385,1564
se-kainourgia-varka-bika,jpktBKou-_E,3384,3692
se-kainouria-varka-bika,YsKwj2MazAI,1191,1387
se-marmarostrotes-avles,U6oWHEVNvfY,1866,2000
se-pairno-dichos-fragko,YsKwj2MazAI,2424,2558
se-xechasa-de-se-pono,lBs4PyiRsIY,2290,2432
sehnaz-longa,g4hypPA6D9Y,227,430
sehnaz-longa-2,U6oWHEVNvfY,4802,4897
selfo,tbbAWeVEHFQ,3112,3526
selfo-2,vzCauXf6VhE,825,1134
selfo-3,GIOAt5GHt3I,2892,3090
selfo-4,ifRo_Z05kuQ,4768,4895
sera,LL6pe_UtAe0,1650,1896
seranitsa,VmaUraZpvI8,5213,5362
servikaki,vLTBEHw011s,3605,3716
serviko,YsKwj2MazAI,2556,2651
severi-meli-m-asias,kJl_glSyJMo,6107,6261
sevillianes,tzCMruLs9bM,42,240
sevntas,UaYoyQPZEuo,4180,4332
sfakianos,XpfvGga-5tU,5747,5891
sfyrigma,ozHAP8gMIY8,1125,1200
sgoure-vasilike-mou-balos,Zy8tjrTf4sg,3005,3195
sia-ki-araxame,q9e6UQh6d0c,4021,4098
siana,8gH9iexkXME,717,941
sidirovergino-klouvi,UaYoyQPZEuo,4056,4180
siga-tis-machairies,zkoqg3VRVLA,2130,2361
sigalia,dIqJ-N3_Tso,185,323
siganos-kontylies,6ZDyC-wpRXM,3925,4114
sik-sin-i-leilek-gosou,i6kJdvFwCoA,3246,3420
siko-kopela-mou,pxhw04LZhiY,3122,3246
sikonomai-mia-avgitsa,ifRo_Z05kuQ,5444,5591
silyvriano-sousta,Zy8tjrTf4sg,44,340
silyvrianos,jpktBKou-_E,1641,1732
silyvrianos-syrtos-2,EoJoqvZukgw,819,1008
simera-christos-anesti,5z-ZGft2zCI,330,451
simera-labei-o-ouranos,t60GoECE0p8,2721,2902
simera-vgika-na-charo,6bLFhgwoKsY,2946,3097
simeris-vgika-na-charo,o4XzhbCL0QM,5703,5879
sina-aftalikos,kJl_glSyJMo,2246,2470
siniotikos,t60GoECE0p8,6223,6420
skantza-ntama,Zy8tjrTf4sg,5307,5465
skaros,FXS9jCtkFLk,981,1181
skaros-2,dIqJ-N3_Tso,3802,3927
skaros-3,tbbAWeVEHFQ,1467,1756
skaros-4,vzCauXf6VhE,5636,5882
skaros-5,EoJoqvZukgw,4398,4544
skertsopetachto,TpK-XXFl51o,1581,1794
sklaves-tou-pasa,YEPmaDr_UMA,4516,4761
skopos-agnostos,4mMJSlECbh4,2819,2960
skopos-charkitikos,CJ7m2WduEh8,447,702
skopos-giala,-Lae0QmE15A,1565,1750
skopos-giala-2,CJ7m2WduEh8,1249,1459
skopos-karalidikos,ozHAP8gMIY8,1307,1373
skopos-me-to-machairi-i-tzamkous,mp1pK6b1Oho,5655,5815
skopos-perameritikos,4mMJSlECbh4,3926,4051
skopos-pisomeri,4mMJSlECbh4,472,584
skopos-tis-lyras,V-8YVU5FnTo,4171,4407
skopos-tou-dromou,mp1pK6b1Oho,1340,1506
skopos-tourna,CJ7m2WduEh8,2401,2606
skopos-tsourapia,4mMJSlECbh4,5024,5083
skopos-tzivaeri,-Lae0QmE15A,485,623
skopos-viannitis,e206O9UMfN0,3461,3588
skoutari,5fJXkyrSxo4,1994,2121
smyrnaiiko-minore,TpK-XXFl51o,1154,1429
smyrnaiiko-minore-3,0cj8BNcAhg4,2076,2299
smyrnaiikos-balos-2,q9e6UQh6d0c,531,795
smyrnaiikos-balos-3,XpfvGga-5tU,2946,3204
smyrni,-YUXPO1BSRw,5009,5178
smyrni-me-ta-perichora,5fJXkyrSxo4,3567,3770
smyrniotopoules,Dd0IreIlLJE,593,853
sofka-goumenisa-kilkis,U6oWHEVNvfY,1108,1274
sokiani,CJ7m2WduEh8,4519,4701
solo-papaioannou-tsifteteli,zkoqg3VRVLA,4730,5026
solo-se-5-8-tsitsani,2_xwDiunBrs,6324,6497
soubeti,U6oWHEVNvfY,529,638
souita-mikis-theothorakis,Dd0IreIlLJE,2038,2292
soultana,ozHAP8gMIY8,1553,1858
soultana-paraponiara,e5WVqHyTui4,6335,6460
souroupo-me-synnefia,zkoqg3VRVLA,3628,3807
sousta,-Lae0QmE15A,6209,6441
sousta-2,CJ7m2WduEh8,1692,1752
sousta-3,CJ7m2WduEh8,3279,3462
sousta-4,6ZDyC-wpRXM,3741,3902
sousta-5,lBs4PyiRsIY,50,239
sousta-7,q9e6UQh6d0c,1882,2010
sousta-8,Uijl65qxrrg,3517,3597
sousta-9,EoJoqvZukgw,4019,4213
sousta-kasiotiki-orses-adrosistou,4mMJSlECbh4,1673,1774
sousta-kefalou,CJ7m2WduEh8,5464,5585
sousta-lerou,CPLOoAZonTI,5036,5218
sousta-rodou,5z-ZGft2zCI,4994,5075
sousta-rodou-2,e5WVqHyTui4,624,772
sousta-rodou-3,4mMJSlECbh4,2979,3167
sousta-tsabounisti,-Lae0QmE15A,5365,5453
sousta-zevgaroti,CJ7m2WduEh8,3896,4032
spasta-fos-mou,6ZDyC-wpRXM,2331,2521
sstoura-mantili-e-ve-kraxe,ozHAP8gMIY8,1390,1524
st-anapliou-to-palamidi,o4XzhbCL0QM,1815,2044
st-treis,vLTBEHw011s,4835,5011
sta-marmara-tou-galata,4mMJSlECbh4,2507,2765
sta-ritsa,GIOAt5GHt3I,5556,5647
sta-ritsa-vgainei-ena-nero,00SbCAkyXhQ,5861,6082
sta-trikorfa-mes-tin-korfi,o4XzhbCL0QM,4145,4410
sta-trikorfa-tsamikos,4yPS8r0qVTw,3905,4147
sta-vervaina-ta-doliana,o4XzhbCL0QM,3549,3670
stafidianos-skopos,6ZDyC-wpRXM,2103,2330
stavroula,ozHAP8gMIY8,5008,5110
stazoun-ta-keramidia-sou,8gH9iexkXME,1465,1681
steile-me-mana,CJ7m2WduEh8,6319,6517
steile-me-mana-sto-pigadi,ozHAP8gMIY8,937,1054
step,i6kJdvFwCoA,6205,6278
sti-drapetsona,IzjFkYASGbY,1283,1474
sti-mesi-sta-kalavryta,o4XzhbCL0QM,2323,2552
sti-mesi-stin-arachova-kalamatianos,4yPS8r0qVTw,2263,2555
sti-salamina,cKXi8_5_Rd4,2389,2720
sti-saloniki-sto-tsarsi,5z-ZGft2zCI,3353,3431
sti-thalassa-xegnantepsa,o4XzhbCL0QM,3350,3498
sti-vrysi-sta-tseritsana,4yPS8r0qVTw,1661,1835
stin-parapano-geitonia,6bLFhgwoKsY,4786,4914
stin-xenitia-vradiazei-pio-noris,ysRZQuuew_A,5038,5212
stis-dekapente-tou-magiou,niplI7Bv-30,2777,3000
stis-deropolis-ton-kabo,ifRo_Z05kuQ,475,825
stis-enteka-stis-dodeka,o4XzhbCL0QM,5166,5389
stis-fabrikes-tis-germanias,ysRZQuuew_A,3507,3688
stis-marmarostrotes-avles,o4XzhbCL0QM,2908,3050
stis-sarakinas-to-vouno-tsamikos,gMz1OBS9FlQ,3631,3739
sto-diko-sou-machala,XpfvGga-5tU,2537,2735
sto-faliro-pou-plenesai,IzjFkYASGbY,2553,2767
sto-kapileio-tou-bati,jpktBKou-_E,4160,4346
sto-metaxy-i-ellada-taxidevei,cKXi8_5_Rd4,4081,4265
sto-pa-kai-sto-xanaleo,Dd0IreIlLJE,4422,4760
sto-pa-kai-sto-xanaleo-2,jpktBKou-_E,42,322
sto-peiraia-synnefiase,GQoE6eVqP38,5963,6152
sto-pyrgo-kai-sto-greveno,00SbCAkyXhQ,2082,2225
sto-tounezi-sti-barbaria,q9e6UQh6d0c,4338,4462
stolisma-nyfis,t60GoECE0p8,2561,2714
ston-kobo-sti-riza,ozHAP8gMIY8,4497,4612
ston-serriotiko-ton-kabo-strotos-nyfis,gMz1OBS9FlQ,2530,2749
stou-linardou-ti-taverna,pxhw04LZhiY,41,279
stou-papa-to-bougazi,Zy8tjrTf4sg,1558,1755
stroto-batzitiko-vasilis-batzis,G9DwnuVgsVs,4479,4751
stroto-dotsikou-kai-gyrisma,UaYoyQPZEuo,5732,5933
stroto-pogonisio-fillipos-rountas,G9DwnuVgsVs,3397,3555
stroto-pogonisio-rebap,UaYoyQPZEuo,3585,3730
sultani-yegah-longa,g4hypPA6D9Y,430,471
svise-ti-floga,pxhw04LZhiY,3393,3596
sybethera-2,Zy8tjrTf4sg,2538,2741
sygkathisto,5z-ZGft2zCI,3647,3767
sygkathistos,vLTBEHw011s,3,176
syllogismeno-se-thoro,-YUXPO1BSRw,1903,2052
syllogismeno-se-thoro-2,kJl_glSyJMo,3876,3965
sympethera,5z-ZGft2zCI,5114,5190
syre-na-peis-bintagiala,mp1pK6b1Oho,4052,4256
syre-na-peis-sti-mana-sou,5z-ZGft2zCI,5890,6004
syre-na-peis-sti-mana-sou-2,2_xwDiunBrs,3189,3389
syrta-sygkathista,5z-ZGft2zCI,3514,3647
syrto-araviko,EoJoqvZukgw,3255,3336
syrto-levantiniko,Aws0Y3aLaIs,2136,2257
syrto-politiko,G9DwnuVgsVs,43,221
syrto-politiko-2,g4hypPA6D9Y,1198,1379
syrtos,mp1pK6b1Oho,886,1036
syrtos-angelos,_mUIVNdIJFU,2292,2458
syrtos-chalkidikis-manolis-papageorgiou,G9DwnuVgsVs,2073,2202
syrtos-chasapikos,Uijl65qxrrg,4377,4558
syrtos-fereis-paralymenos-peiraiotikos-palio-sarki,J-PqcxTXtp4,3328,3764
syrtos-geragotikos,mp1pK6b1Oho,3048,3233
syrtos-klossa,_mUIVNdIJFU,4395,4563
syrtos-kykladon,q9e6UQh6d0c,2020,2275
syrtos-politikos-3,VrnG_gxNwH8,783,1014
syrtos-politikos-4,jpktBKou-_E,6041,6195
syrtos-politikos-5,Uijl65qxrrg,1791,2041
syrtos-protovrochia,Uijl65qxrrg,4838,4995
syrtos-samiotikos,Uijl65qxrrg,4034,4249
syrtos-smyrnaiikos,Uijl65qxrrg,5118,5329
syrtos-travichtos,CJ7m2WduEh8,2636,2867
t-abelia,dIqJ-N3_Tso,4374,4606
t-aidoni,gMz1OBS9FlQ,232,282
t-aidoni-sygkathistos,gMz1OBS9FlQ,2243,2377
t-antroutsou-i-mana-tsamikos,4yPS8r0qVTw,1949,2158
ta-alitakia,Desg3iWdxGU,42,195
ta-choria-tis-chiou,J-PqcxTXtp4,2178,2516
ta-gousta-mas,q9e6UQh6d0c,6017,6234
ta-kavourakia,pxhw04LZhiY,4077,4291
ta-kavourakia-2,q9e6UQh6d0c,4122,4334
ta-logia-kai-ta-chronia-ta-chamena,cKXi8_5_Rd4,1646,1928
ta-machairia,i6kJdvFwCoA,5787,5922
ta-magia,-YUXPO1BSRw,5284,5434
ta-matoklada-sou-laboun,2_xwDiunBrs,6091,6272
ta-mavra-ta-kleftopoula,cYE9_TXCmHs,4956,5198
ta-meliotakia,jpktBKou-_E,4344,4444
ta-melitzania,Dd0IreIlLJE,6193,6380
ta-niata,FXS9jCtkFLk,3129,3361
ta-nioutsika,vzCauXf6VhE,2233,2454
ta-nisia,mp1pK6b1Oho,3762,3986
ta-palaia-mou-vasana,Uijl65qxrrg,5562,5831
ta-palaia-mou-vasana-2,2_xwDiunBrs,2714,3116
ta-pentikoudia,i6kJdvFwCoA,1376,1538
ta-petalakia,pxhw04LZhiY,4528,4620
ta-potirakia-i-poutankous,mp1pK6b1Oho,5884,6014
ta-vimata,lBs4PyiRsIY,2782,2976
ta-xyla-2,jpktBKou-_E,2134,2230
ta-ydraiika,IzjFkYASGbY,4616,4826
tabachaniotikos-manes,e5WVqHyTui4,1033,1261
tagko-ikariotiko,CPLOoAZonTI,3950,4105
tammuriata-nera,k_U5rTSHIMo,652,931
tangko,Zy8tjrTf4sg,4388,4499
tarantela-kalavrias,l2gUntzxeVc,1717,1803
tarantella,l2gUntzxeVc,4792,5122
tarantella-gargano,l2gUntzxeVc,3308,3520
tas-i-ta-gaita-i-monachikon,i6kJdvFwCoA,4572,4701
tasia,5z-ZGft2zCI,2657,2837
tasia-2,8gH9iexkXME,2591,2692
tatavliano,vJ4F64WkQA0,12,141
tatavliano-chasapiko,TpK-XXFl51o,3462,3504
ters,LL6pe_UtAe0,4666,4783
tessera-matia-dyo-kardies,ozHAP8gMIY8,3897,4039
th-archiso-pikramenos,Aws0Y3aLaIs,3671,3890
tha-fygo-mana-kai-tha-klais,UaYoyQPZEuo,5629,5732
tha-pao-stin-arapia,5z-ZGft2zCI,2107,2200
tha-parangeilo-sta-vouna,00SbCAkyXhQ,3127,3449
tha-perpatiso-erimies,KzKkszPd-eM,3006,3396
tha-spaso-koupes,-YUXPO1BSRw,3787,4138
tha-spaso-koupes-2,vzCauXf6VhE,3420,3600
tha-spaso-koupes-3,q9e6UQh6d0c,4817,5106
tha-to-pieis-ena-potiri,GgGRYZMKezE,1161,1349
tha-tragoudo-tha-tragoudo-isame-ti-deftera,-YUXPO1BSRw,6096,6158
tha-vro-mourmouri-mpaglama,vl46xtCpsEw,2602,2762
tha-xanartheis-2,VrnG_gxNwH8,5678,5848
thalassa,V-8YVU5FnTo,1587,1784
thalassa-ontas-giomizeis,FXS9jCtkFLk,6035,6177
thalassa-platia,wFOvhBpFM1o,6132,6282
thalassa-platia-2,qrOwc1mLFUk,2404,2508
thalassaki,q9e6UQh6d0c,1298,1428
thelo-na-anevo-se-vouno,6bLFhgwoKsY,4141,4330
thelo-na-pao-sti-fragkia,6ZDyC-wpRXM,4735,4935
thelo-na-papseis-na-gelas,YEPmaDr_UMA,3642,3817
thelo-sta-bouzoukia,pxhw04LZhiY,5747,5932
thelo-sta-bouzoukia-2,GQoE6eVqP38,166,292
theloun-n-anthisoun-ta-klaria,niplI7Bv-30,656,949
thermiotikos-2,V-8YVU5FnTo,4950,5169
thessalomakedoniko,8gH9iexkXME,1195,1255
thessalomakedonikos-choros,6ZDyC-wpRXM,1590,1630
thessalomakedonikos-choros-patinada-v-malliara,G9DwnuVgsVs,1377,1486
thodora-thessaloniki,U6oWHEVNvfY,1274,1405
thourios-riga-ekdochi-antoniou-sigala,4yPS8r0qVTw,897,1088
thourios-riga-ekdochi-simona-kara,4yPS8r0qVTw,1197,1291
thourios-riga-skiathos-ekdochi-p-georgiou-riga,4yPS8r0qVTw,1354,1536
thrinos-megalos-tou-botsari,4yPS8r0qVTw,2681,2965
thymisou,dIqJ-N3_Tso,5479,5664
thymisou-2,Desg3iWdxGU,971,1163
ti-echeis-kaimene-platane,cYE9_TXCmHs,597,908
ti-echeis-rina-m,GIOAt5GHt3I,5647,5736
ti-ein-afto-pou-to-lene-agapi,Desg3iWdxGU,5055,5191
ti-einai-afto-pou-to-lene-agapi,zkoqg3VRVLA,2760,2904
ti-kala-to-leei-t-aidoni,Dd0IreIlLJE,3323,3546
ti-magia-se-echoune-potisei,YEPmaDr_UMA,2916,3050
ti-montsonos,i6kJdvFwCoA,4984,5083
ti-na-sou-po-pedi-mou,l2gUntzxeVc,4319,4526
ti-na-ta-kano-ta-flouria-thelo-na-rixei-mia-vrochi-tsamika,ifRo_Z05kuQ,5154,5366
ti-romiosyni-mi-tin-klais,cKXi8_5_Rd4,42,209
ti-se-melei-esenane,5z-ZGft2zCI,5708,5801
ti-simera-ti-avrio-ti-tora,zkoqg3VRVLA,3871,4036
ti-thalassa-ti-galani,5z-ZGft2zCI,3884,3958
ti-thalassa-ti-galani-2,CJ7m2WduEh8,4988,5120
ti-thalassa-ti-galani-3,q9e6UQh6d0c,1427,1561
tik-argon,LL6pe_UtAe0,3976,4169
tik-diplon,i6kJdvFwCoA,5273,5404
tik-dytikou-pontou,LL6pe_UtAe0,2909,3035
tik-monon,LL6pe_UtAe0,692,856
tik-tromachton,VmaUraZpvI8,1198,1291
tikin,LL6pe_UtAe0,2517,2683
tin-akri-akri-to-gialo,FXS9jCtkFLk,2116,2377
tin-chrysi-mou-tin-parea,FXS9jCtkFLk,795,931
tin-perdika-pou-piasame,qrOwc1mLFUk,1691,1745
tinos-na-po-ton-pono-mou,Dd0IreIlLJE,5997,6135
tis-agia-sofias,FXS9jCtkFLk,1431,1660
tis-dikaiosynis-ilie-noite,cKXi8_5_Rd4,367,665
tis-erythraias-to-nero,-YUXPO1BSRw,1559,1704
tis-labros-to-tragoudi,o4XzhbCL0QM,2555,2763
tis-mavras-to-stoicheio,6bLFhgwoKsY,1083,1132
tis-michanis-to-forema,-Lae0QmE15A,3042,3177
tis-moiras-to-paihnidi,vl46xtCpsEw,5104,5285
tis-sousas,_mUIVNdIJFU,764,925
tis-to-vgalane,0cj8BNcAhg4,5369,5528
tis-triantafyllias-ta-fylla,EoJoqvZukgw,6119,6238
tis-xeniteias,6bLFhgwoKsY,1565,1695
titara,i6kJdvFwCoA,5087,5194
tiz,LL6pe_UtAe0,3685,3835
to-aroma,XpfvGga-5tU,3316,3556
to-aroma-skopos-tou-bilali,vd8WTrc12Uo,4999,5276
to-diavatirio,ysRZQuuew_A,3247,3431
to-diko-sou-to-marazi,GQoE6eVqP38,4858,5056
to-fantaraki,GQoE6eVqP38,2418,2607
to-filerimo-trygoni,ozHAP8gMIY8,3782,3897
to-gialo-gialo,vzCauXf6VhE,3043,3233
to-gramma,GQoE6eVqP38,5223,5413
to-gramma-2,tzCMruLs9bM,2571,2818
to-gramma-3,ysRZQuuew_A,5281,5601
to-grigoro-pouli,G9DwnuVgsVs,1970,2073
to-kastro-diplos,J-PqcxTXtp4,2686,2938
to-klama-tis-penias-manolis-chiotis-christos-kolokotronis,L3fe3KGksU8,5251,5479
to-klenisma-ti-nyfes,i6kJdvFwCoA,2988,3087
to-kouritsi-m-t-asprou-ntachtarisma-se-sygkathisto-choro-apo-kavakli,vLTBEHw011s,6297,6577
to-krasi-ki-an-to-pino,GgGRYZMKezE,3699,3899
to-laiko-tsigaro,vl46xtCpsEw,1367,1545
to-mathate-more-paidia,o4XzhbCL0QM,3497,3549
to-mathate-ti-egine,o4XzhbCL0QM,5393,5576
to-mentil,i6kJdvFwCoA,2638,2760
to-naftopoulo,_mUIVNdIJFU,1262,1363
to-organaki,YEPmaDr_UMA,3333,3519
to-paidi-tou-dromou,0cj8BNcAhg4,1,222
to-paliabelo,kJl_glSyJMo,2870,3076
to-parapono-tou-laoutou,tbbAWeVEHFQ,48,195
to-plataniotiko-nero,6ZDyC-wpRXM,3296,3569
to-porpateman-ti-nyfes,i6kJdvFwCoA,3087,3197
to-pos-apokoimithika,FXS9jCtkFLk,1701,1906
to-proi-me-xypnas-me-filia-2,VrnG_gxNwH8,6411,6595
to-prosfygaki,0cj8BNcAhg4,581,856
to-romantzo-mas,GQoE6eVqP38,3194,3376
to-sakaki,IzjFkYASGbY,2851,3079
to-skalopati-sou,Desg3iWdxGU,3282,3467
to-stoicheiomeno-spiti-giorgos-lafkas-charalabos-vasileiadis,L3fe3KGksU8,3848,4068
to-tavernaki,YEPmaDr_UMA,566,755
to-traino-germanias-athinon,ysRZQuuew_A,3771,3940
to-tram-to-teleftaio,zkoqg3VRVLA,943,1063
to-trechantiraki,kJl_glSyJMo,2574,2780
to-trelovaporo,cKXi8_5_Rd4,6342,6587
to-tseliotaki,o4XzhbCL0QM,4839,5048
to-vespaki-to-koritsi-mou-ki-ego,Desg3iWdxGU,3474,3660
ton-giorgaki-sou-xechnas,GQoE6eVqP38,47,166
ton-kolokotronaion-tsamikos,4yPS8r0qVTw,6341,6590
ton-vaion,VmaUraZpvI8,3352,3551
tora-ein-o-mais,GIOAt5GHt3I,967,1123
tora-pou-stisan-ton-choro,vLTBEHw011s,1275,1494
tora-to-kontovrado,6bLFhgwoKsY,5230,5349
tora-to-vrady-vrady,g4hypPA6D9Y,5967,6053
tou-ai-giorgi,_mUIVNdIJFU,1680,1752
tou-angeli-goviou-syrtos,ozHAP8gMIY8,624,736
tou-angeli-tou-goviou,ozHAP8gMIY8,415,595
tou-flessa-i-mana,4yPS8r0qVTw,4827,5165
tou-kitsou-i-mana,8gH9iexkXME,3805,4041
tou-kyr-tasou,dIqJ-N3_Tso,5826,6095
tou-livykou-to-pelagos,XpfvGga-5tU,1236,1504
tou-louka,dIqJ-N3_Tso,4094,4370
tous-bekrides-an-dikasoune,GgGRYZMKezE,2189,2350
touta-ta-kala-trapezia,dIqJ-N3_Tso,3927,4028
touto-to-vary-cheimona,UaYoyQPZEuo,4721,4869
toy-seferli-roumlouki,U6oWHEVNvfY,784,830
tragouda-kamilirei,vl46xtCpsEw,3564,3756
tragoudi-angela-christou-kai-kalliopi-bouga,kJl_glSyJMo,193,359
tragoudi-gia-to-xyrisma-tou-gabrou,CJ7m2WduEh8,1559,1691
tragoudi-tis-piperias,ozHAP8gMIY8,814,852
tragoudi-tou-gamou,4mMJSlECbh4,4428,4484
trechantiraki,V-8YVU5FnTo,3641,3817
trechatos,_mUIVNdIJFU,5192,5294
treis-chronous-ego-polemo,gMz1OBS9FlQ,3301,3530
treis-fragkopoules,8gH9iexkXME,3373,3602
treis-labadoules-tsamikos,gMz1OBS9FlQ,2826,2998
tria-ti-kotsari-kars,LL6pe_UtAe0,5837,5984
tria-ti-kotsari-kotsari,VmaUraZpvI8,4057,4230
trianta-karavia-armenizan,4yPS8r0qVTw,5562,5789
triar,LL6pe_UtAe0,3278,3501
tripat-i-trikotson,LL6pe_UtAe0,3046,3139
tromachton,i6kJdvFwCoA,5404,5514
trygona,LL6pe_UtAe0,1327,1521
trygona-2,GIOAt5GHt3I,1808,1999
trygona-trapezountas-trygona-matsoukas,VmaUraZpvI8,2045,2251
trygona-v-besiris,G9DwnuVgsVs,4815,5012
trygos,t60GoECE0p8,5664,5814
tsabouna,q9e6UQh6d0c,2508,2620
tsabouna-2,EoJoqvZukgw,2088,2285
tsabouniarikos-apokriatikos-skopos,Uijl65qxrrg,3976,4033
tsakirmize,-YUXPO1BSRw,5652,5789
tsakisto,qrOwc1mLFUk,6113,6165
tsakisto-fillipos-rountas,G9DwnuVgsVs,3874,3981
tsakitzis,vLTBEHw011s,2487,2710
tsakitzis-2,U6oWHEVNvfY,5419,5699
tsamiko-dionysis-savvopoulos,cKXi8_5_Rd4,3572,3723
tsamiko-rast,g4hypPA6D9Y,5608,5746
tsamikos,vzCauXf6VhE,4411,4534
tsamourikos-ikaria,CPLOoAZonTI,3403,3520
tsamourikos-ikariotikos,Zy8tjrTf4sg,1979,2175
tsanakalis,dIqJ-N3_Tso,598,801
tsaragot-i-chorontikon,i6kJdvFwCoA,1945,2074
tsarntas,TpK-XXFl51o,1982,2069
tsattista,4mMJSlECbh4,4484,4657
tsift,5fJXkyrSxo4,5809,5993
tsifteteli-3,kJl_glSyJMo,1498,1631
tsipoul-tsipoul,LL6pe_UtAe0,4177,4302
tsopanos-ekatevaine,CJ7m2WduEh8,2134,2277
tsourtougouzous,VmaUraZpvI8,3187,3325
tzako-elenitsa,TpK-XXFl51o,4501,4685
tzane-m-potame,6ZDyC-wpRXM,1631,1748
tzemile-manolis-chiotis,L3fe3KGksU8,5631,5797
tzin-kai-froumel,pxhw04LZhiY,5344,5510
vale-krasi-sto-mastrapa,KzKkszPd-eM,6218,6485
vale-me-stin-agkalia-sou,0cj8BNcAhg4,1748,1906
valentina,pxhw04LZhiY,5541,5725
vals,e206O9UMfN0,4973,5180
vals-2,Zy8tjrTf4sg,4499,4586
varethika-ta-niata-mou,6bLFhgwoKsY,857,993
varethika-tin-xeniteia,UaYoyQPZEuo,2628,2750
varethika-tin-xenitia,qrOwc1mLFUk,1526,1691
varia-varoun-ta-simantra,niplI7Bv-30,1146,1351
varia-varoun-ta-simantra-sygkathistos,ifRo_Z05kuQ,4901,5098
varka-gialo,q9e6UQh6d0c,5779,5912
varka-mou-bogiatismeni,-Lae0QmE15A,646,740
varka-sto-gialo,q9e6UQh6d0c,5911,6013
varkari-mou,CPLOoAZonTI,263,424
varkoula,FXS9jCtkFLk,2855,3046
varkoula-2,t60GoECE0p8,593,784
vary,dIqJ-N3_Tso,4697,4898
vary-piskopiano,V-8YVU5FnTo,3821,4003
vary-zeibekiko-i-zeibekiko-re,mp1pK6b1Oho,5395,5542
vasilarchontissa,wFOvhBpFM1o,4034,4165
vasilepsen-avgerinos,Aws0Y3aLaIs,594,767
vasili-m-katse-fronima,00SbCAkyXhQ,4933,5080
vasilikos-tha-gino,fooYiNew79E,3614,3845
vasilopoula-therize-theristiatikos,_mUIVNdIJFU,407,475
vatous-kai-agkathia,6bLFhgwoKsY,6445,6585
vatous-ki-agkathia,qrOwc1mLFUk,4101,4203
velouchi-mou-pentamorfo,00SbCAkyXhQ,4129,4360
viini-oara-si-vtzimou,niplI7Bv-30,6223,6490
vira-tis-agkyres,zkoqg3VRVLA,1548,1780
virginada,5z-ZGft2zCI,1912,2106
vlacha,TpK-XXFl51o,2502,2745
vlachika-beratia,UaYoyQPZEuo,6241,6457
vlamissa,vd8WTrc12Uo,3813,3993
volioumai-na-xenitefto,wFOvhBpFM1o,903,990
voskistikos,4mMJSlECbh4,782,957
voskitiko,4mMJSlECbh4,2326,2473
vothriatikos-balos,CPLOoAZonTI,3070,3228
voula-mar-voula,niplI7Bv-30,3272,3461
voulgara,g4hypPA6D9Y,6220,6480
voulgariko,k_U5rTSHIMo,4876,5013
voulgariko-2,2_xwDiunBrs,2140,2409
voulo-mor-tsivoulo-syrto-sta-dyo,wFOvhBpFM1o,2150,2266
vouna-mi-kamaronete,cYE9_TXCmHs,2740,3010
vouna-min-kamaronete,o4XzhbCL0QM,1456,1675
xanthoula,Aws0Y3aLaIs,4335,4547
xefantoma,zkoqg3VRVLA,5868,5995
xekina-mia-psaropoula,q9e6UQh6d0c,3595,3686
xemagkas,0cj8BNcAhg4,4745,4961
xenitemena-mou-poulia,KzKkszPd-eM,4896,5222
xenitemeno-mou-pouli,6ZDyC-wpRXM,3582,3740
xenitemeno-mou-pouli-2,t60GoECE0p8,5921,6116
xenobasarikaki,e206O9UMfN0,4363,4554
xero-tragoudia-thalassa,ozHAP8gMIY8,43,127
xinta-raftades,KzKkszPd-eM,4370,4598
xyla,mp1pK6b1Oho,1795,1946
xyla-2,6ZDyC-wpRXM,42,111
yamali-sham,k_U5rTSHIMo,2932,3108
yashadi-el-alhan,k_U5rTSHIMo,2822,2933
zacharoula,dIqJ-N3_Tso,6196,6507
zagorisia-gyrismata,ifRo_Z05kuQ,4628,4763
zagorisio,tbbAWeVEHFQ,2652,2905
zagorisio-fillipos-rountas,G9DwnuVgsVs,3765,3873
zeibekiko-bam,jpktBKou-_E,2637,2747
zeibekiko-mpilia,mp1pK6b1Oho,3253,3292
zeimpekiko,mp1pK6b1Oho,1132,1220
zervos-i-kyratslidikos,00SbCAkyXhQ,854,1034
zervoulaki,vLTBEHw011s,4220,4404
zevgarotos-syrtos,kJl_glSyJMo,1085,1500
ziakas-strotos,gMz1OBS9FlQ,535,744
ziakas-tsiamikos,gMz1OBS9FlQ,959,1187
zise,pxhw04LZhiY,2739,2935
zousa-monachos-choris-agapi,YEPmaDr_UMA,4826,5004
